place_id,name,category,email,contact_role,source_url,source_type,review_status,research_status,ownership_verified,claim_enabled
osm:node:7048529185,19 Drips,cafe,,,,,,no_email_found_on_checked_pages,,
osm:way:1278920673,24th Cheesecakerie,bakery,24thcheesecakerie@gmail.com,public_business_contact_candidate,https://www.24thcheesecakerie.com/,catalog_website_extraction,source_review_required,contact_candidates_require_review,0,0
osm:way:1278920673,24th Cheesecakerie,bakery,24thcheesecakerie@gmail.com,public_business_contact_candidate,https://www.24thcheesecakerie.com/about-us,catalog_website_extraction,source_review_required,contact_candidates_require_review,0,0
osm:way:1278920673,24th Cheesecakerie,bakery,24thcheesecakerie@gmail.com,public_business_contact_candidate,https://www.24thcheesecakerie.com/contact,catalog_website_extraction,source_review_required,contact_candidates_require_review,0,0
osm:way:1278920673,24th Cheesecakerie,bakery,24thcheesecakerie@gmail.com,public_business_contact_candidate,https://www.24thcheesecakerie.com/locations,catalog_website_extraction,source_review_required,contact_candidates_require_review,0,0
osm:way:1278920673,24th Cheesecakerie,bakery,24thchessecakerie@gmail.com,public_business_contact_candidate,https://www.24thcheesecakerie.com/about-us,catalog_website_extraction,location_identity_review_required,contact_candidates_require_review,0,0
osm:way:298602522,A+ Wagyu BBQ,restaurant,,,,,,manual_research_no_email,,
osm:way:381532658,Achilles Coney Restaurant,restaurant,,,,,,manual_research_no_email,,
osm:node:3040021263,Afternoon Delight,cafe,,,,,,no_email_found_on_checked_pages,,
osm:node:3074036040,Ahmo's,fast_food,,,,,,manual_research_no_email,,
osm:way:621734158,Ahmo's Gyros & Deli,restaurant,,,,,,manual_research_no_email,,
osm:node:5323881250,Ahmo's Gyros & Grill,fast_food,,,,,,no_email_found_on_checked_pages,,
osm:node:7041626486,Ahmo’s Gyros & Deli,fast_food,,,,,,manual_research_no_email,,
osm:node:4787322481,Alley Bar,bar,info@a2alleybar.com,business_general,https://www.a2alleybar.com/,official_website,published_contact_only,contact_candidates_require_review,0,0
osm:node:4988697350,Alpha Koney Island,fast_food,,,,,,manual_research_no_email,,
osm:node:4176670447,Amadeus,restaurant,,,,,,manual_research_no_email,,
osm:node:2874423480,Amer's Delicatessen,cafe,,,,,,no_email_found_on_checked_pages,,
osm:node:2906054423,Anna's House,restaurant,annarbor@annashouseus.com,public_business_contact_candidate,https://annashouseus.com/locations/,catalog_website_extraction,source_review_required,contact_candidates_require_review,0,0
osm:node:2906054423,Anna's House,restaurant,byroncenter@annashouseus.com,public_business_contact_candidate,https://annashouseus.com/locations/,catalog_website_extraction,excluded_other_location,contact_candidates_require_review,0,0
osm:node:2906054423,Anna's House,restaurant,eastbeltline@annashouseus.com,public_business_contact_candidate,https://annashouseus.com/locations/,catalog_website_extraction,excluded_other_location,contact_candidates_require_review,0,0
osm:node:2906054423,Anna's House,restaurant,grandhaven@annashouseus.com,public_business_contact_candidate,https://annashouseus.com/locations/,catalog_website_extraction,excluded_other_location,contact_candidates_require_review,0,0
osm:node:2906054423,Anna's House,restaurant,grandledge@annashouseus.com,public_business_contact_candidate,https://annashouseus.com/locations/,catalog_website_extraction,excluded_other_location,contact_candidates_require_review,0,0
osm:node:2906054423,Anna's House,restaurant,grandville@annashouseus.com,public_business_contact_candidate,https://annashouseus.com/locations/,catalog_website_extraction,excluded_other_location,contact_candidates_require_review,0,0
osm:node:2906054423,Anna's House,restaurant,holland@annashouseus.com,public_business_contact_candidate,https://annashouseus.com/locations/,catalog_website_extraction,excluded_other_location,contact_candidates_require_review,0,0
osm:node:2906054423,Anna's House,restaurant,kalamazoo@annashouseus.com,public_business_contact_candidate,https://annashouseus.com/locations/,catalog_website_extraction,excluded_other_location,contact_candidates_require_review,0,0
osm:node:2906054423,Anna's House,restaurant,milford@annashouseus.com,public_business_contact_candidate,https://annashouseus.com/locations/,catalog_website_extraction,excluded_other_location,contact_candidates_require_review,0,0
osm:node:2906054423,Anna's House,restaurant,northland@annashouseus.com,public_business_contact_candidate,https://annashouseus.com/locations/,catalog_website_extraction,excluded_other_location,contact_candidates_require_review,0,0
osm:node:2906054423,Anna's House,restaurant,okemos@annashouseus.com,public_business_contact_candidate,https://annashouseus.com/locations/,catalog_website_extraction,excluded_other_location,contact_candidates_require_review,0,0
osm:node:2906054423,Anna's House,restaurant,plainfield@annashouseus.com,public_business_contact_candidate,https://annashouseus.com/locations/,catalog_website_extraction,excluded_other_location,contact_candidates_require_review,0,0
osm:node:2906054423,Anna's House,restaurant,westland@annashouseus.com,public_business_contact_candidate,https://annashouseus.com/locations/,catalog_website_extraction,excluded_other_location,contact_candidates_require_review,0,0
osm:node:3268756978,Anthony's Gourmet Pizza,restaurant,,,,,,manual_research_no_email,,
osm:node:10820196757,Anthony's Pizza,restaurant,,,,,,no_email_found_on_checked_pages,,
osm:way:222493005,Applebee's,restaurant,,,,,,no_email_found_on_checked_pages,,
osm:way:442876121,Applebee's,restaurant,,,,,,no_email_found_on_checked_pages,,
osm:way:457106335,Applebee's,restaurant,,,,,,manual_research_no_email,,
osm:way:502195831,Argus Farm Stop - Packard Cafe,cafe,,,,,,no_email_found_on_checked_pages,,
osm:node:5018488428,Arirang,restaurant,,,,,,no_email_found_on_checked_pages,,
osm:way:441966479,Aroma Indian Cuisine,restaurant,,,,,,manual_research_no_email,,
osm:node:749007070,Ashley's Ann Arbor,bar,info@ashleys.com,public_business_contact_candidate,https://ashleys.com/,catalog_website_extraction,source_review_required,contact_candidates_require_review,0,0
osm:node:749007070,Ashley's Ann Arbor,bar,info@ashleys.com,public_business_contact_candidate,https://ashleys.com/ann-arbor-state-street-district-ashley-s-about,catalog_website_extraction,source_review_required,contact_candidates_require_review,0,0
osm:node:4958401109,Asian Legend,restaurant,,,,,,manual_research_no_email,,
osm:node:13691648880,Auntie Anne's,fast_food,,,,,,manual_research_no_email,,
osm:way:1278920633,Auntie Anne's,fast_food,,,,,,manual_research_no_email,,
osm:node:4935570672,Aventura,restaurant,info@aventuraannarbor.com,public_business_contact_candidate,https://www.aventuraannarbor.com/,catalog_website_extraction,source_review_required,contact_candidates_require_review,0,0
osm:node:4935570672,Aventura,restaurant,info@aventuraannarbor.com,public_business_contact_candidate,https://www.aventuraannarbor.com/about,catalog_website_extraction,source_review_required,contact_candidates_require_review,0,0
osm:node:4935570672,Aventura,restaurant,info@aventuraannarbor.com,public_business_contact_candidate,https://www.aventuraannarbor.com/contact,catalog_website_extraction,source_review_required,contact_candidates_require_review,0,0
osm:node:4935570672,Aventura,restaurant,marketing@thepulpogroup.com,media_or_marketing,https://www.aventuraannarbor.com/,catalog_website_extraction,corporate_shared_inbox,contact_candidates_require_review,0,0
osm:node:4935570672,Aventura,restaurant,marketing@thepulpogroup.com,media_or_marketing,https://www.aventuraannarbor.com/about,catalog_website_extraction,corporate_shared_inbox,contact_candidates_require_review,0,0
osm:node:4935570672,Aventura,restaurant,marketing@thepulpogroup.com,media_or_marketing,https://www.aventuraannarbor.com/contact,catalog_website_extraction,corporate_shared_inbox,contact_candidates_require_review,0,0
osm:node:13959108537,Ayse's Turkish Cafe,cafe,,,,,,no_email_found_on_checked_pages,,
osm:node:2760098975,Azalea,restaurant,azalea.annarbor@gmail.com,public_business_contact_candidate,https://azaleami.com/,catalog_website_extraction,source_review_required,contact_candidates_require_review,0,0
osm:node:14045913845,BO's Bagels,fast_food,info@bosbagels.com,public_business_contact_candidate,https://www.bosbagels.com/about.html,catalog_website_extraction,source_review_required,contact_candidates_require_review,0,0
osm:node:14045913845,BO's Bagels,fast_food,info@bosbagels.com,public_business_contact_candidate,https://www.bosbagels.com/contact.html,catalog_website_extraction,source_review_required,contact_candidates_require_review,0,0
osm:node:14045913845,BO's Bagels,fast_food,info@bosbagels.com,public_business_contact_candidate,https://www.bosbagels.com/index.html,catalog_website_extraction,source_review_required,contact_candidates_require_review,0,0
osm:node:14045913845,BO's Bagels,fast_food,info@bosbagels.com,public_business_contact_candidate,https://www.bosbagels.com/locations.html,catalog_website_extraction,source_review_required,contact_candidates_require_review,0,0
osm:node:4781784136,BTB Burrito,fast_food,info@btbburrito.com,public_business_contact_candidate,https://btbburrito.com/,catalog_website_extraction,source_review_required,contact_candidates_require_review,0,0
osm:node:4781784136,BTB Burrito,fast_food,info@btbburrito.com,public_business_contact_candidate,https://btbburrito.com/page/contact,catalog_website_extraction,source_review_required,contact_candidates_require_review,0,0
osm:way:277376052,Baba Dari,restaurant,nash@babadari.com,public_business_contact_candidate,https://babadari.com/page/contact-us,official_contact_page,published_contact_only,contact_candidates_require_review,0,0
osm:node:4860420404,Backroom Pizza,fast_food,,,,,,manual_research_no_email,,
osm:node:4837097558,Bakehouse 46,bakery,info@bakehouse46.com,public_business_contact_candidate,https://www.bakehouse46.com/locations/,catalog_website_extraction,corporate_shared_inbox,contact_candidates_require_review,0,0
osm:node:12070720131,Bambu,cafe,annarbor@drinkbambu.com,public_business_contact_candidate,https://www.drinkbambu.com/location-pages/bambu-ann-arbor,catalog_website_extraction,source_review_required,contact_candidates_require_review,0,0
osm:node:11945639757,Bandito's,restaurant,kpsardar@hotmail.com,business_contact,https://banditosmi.com/privacy-policy/,official_website,location_identity_review_required,contact_candidates_require_review,0,0
osm:node:11816994969,Bao Boys,fast_food,,,,,,manual_research_no_email,,
osm:node:10537871410,Bao Space,restaurant,,,,,,no_email_found_on_checked_pages,,
osm:node:3889499302,Baobao Asian Eatery,restaurant,,,,,,no_email_found_on_checked_pages,,
osm:node:9282163866,Barry Bagels,bakery,,,,,,no_email_found_on_checked_pages,,
osm:node:4398318866,Baskin-Robbins,dessert,,,,,,website_fetch_blocked_or_failed,,
osm:way:442872450,Bearclaw Coffee Co.,cafe,bearclawbrownstown@yahoo.com,public_business_contact_candidate,https://www.bearclawcoffee.com/locations,catalog_website_extraction,excluded_other_location,contact_candidates_require_review,0,0
osm:way:442872450,Bearclaw Coffee Co.,cafe,bmalo@bearclawcoffee.com,public_business_contact_candidate,https://www.bearclawcoffee.com/locations,catalog_website_extraction,excluded_other_location,contact_candidates_require_review,0,0
osm:way:442872450,Bearclaw Coffee Co.,cafe,cb@bearclawcoffee.com,public_business_contact_candidate,https://www.bearclawcoffee.com/locations,catalog_website_extraction,corporate_shared_inbox,contact_candidates_require_review,0,0
osm:way:442872450,Bearclaw Coffee Co.,cafe,logan@bearclawcoffee.com,public_business_contact_candidate,https://www.bearclawcoffee.com/,catalog_website_extraction,corporate_shared_inbox,contact_candidates_require_review,0,0
osm:way:442872450,Bearclaw Coffee Co.,cafe,logan@bearclawcoffee.com,public_business_contact_candidate,https://www.bearclawcoffee.com/contact-us,catalog_website_extraction,corporate_shared_inbox,contact_candidates_require_review,0,0
osm:way:442872450,Bearclaw Coffee Co.,cafe,logan@bearclawcoffee.com,public_business_contact_candidate,https://www.bearclawcoffee.com/locations,catalog_website_extraction,corporate_shared_inbox,contact_candidates_require_review,0,0
osm:node:4399006974,Bell's Diner,restaurant,,,,,,no_email_found_on_checked_pages,,
osm:node:2874403358,Ben & Jerry's,dessert,,,,,,manual_research_no_email,,
osm:node:3475907227,Benny's Family Dining,restaurant,,,,,,manual_research_no_email,,
osm:node:3068653993,Bert's Cafe,cafe,,,,,,website_fetch_blocked_or_failed,,
osm:node:5367233599,Bewon,restaurant,,,,,,manual_research_no_email,,
osm:node:13900141067,Beyond Juicery + Eatery,restaurant,support@beyondjuiceryeatery.com,public_business_contact_candidate,https://beyondjuiceryeatery.com/location/ann-arbor-south-university/,catalog_website_extraction,corporate_shared_inbox,contact_candidates_require_review,0,0
osm:node:13900141067,Beyond Juicery + Eatery,restaurant,support@beyondjuiceryeatery.com,public_business_contact_candidate,https://beyondjuiceryeatery.com/location/ann-arbor-uptown/,catalog_website_extraction,corporate_shared_inbox,contact_candidates_require_review,0,0
osm:node:13900141067,Beyond Juicery + Eatery,restaurant,support@beyondjuiceryeatery.com,public_business_contact_candidate,https://beyondjuiceryeatery.com/location/ann-arbor-washtenaw/,catalog_website_extraction,corporate_shared_inbox,contact_candidates_require_review,0,0
osm:node:13900141067,Beyond Juicery + Eatery,restaurant,support@beyondjuiceryeatery.com,public_business_contact_candidate,https://beyondjuiceryeatery.com/locations/,catalog_website_extraction,corporate_shared_inbox,contact_candidates_require_review,0,0
osm:node:9403993529,Beyond Juicery + Eatery,restaurant,support@beyondjuiceryeatery.com,corporate_support,https://beyondjuiceryeatery.com/locations/,official_website,corporate_shared_inbox,contact_candidates_require_review,0,0
osm:way:510571492,Big City Small World Bakery,bakery,,,,,,manual_research_no_email,,
osm:node:3908803747,Bigalora,restaurant,,,,,,no_email_found_on_checked_pages,,
osm:node:5939844875,Biggby Coffee,cafe,,,,,,no_email_found_on_checked_pages,,
osm:node:4438417268,Biggby Coffee,cafe,feedback@biggby.com,corporate_support,https://feedback.biggby.com/support/solutions/articles/66000501035-customer-feedback,official_website,corporate_shared_inbox,contact_candidates_require_review,0,0
osm:node:6392687559,Black Diesel Coffee,cafe,info@bdbaristaschool.com,public_business_contact_candidate,https://www.blackdieselcoffee.com/contact,catalog_website_extraction,location_identity_review_required,contact_candidates_require_review,0,0
osm:node:6392687559,Black Diesel Coffee,cafe,info@blackdieselcoffee.com,public_business_contact_candidate,https://www.blackdieselcoffee.com/,catalog_website_extraction,source_review_required,contact_candidates_require_review,0,0
osm:node:6392687559,Black Diesel Coffee,cafe,info@blackdieselcoffee.com,public_business_contact_candidate,https://www.blackdieselcoffee.com/contact,catalog_website_extraction,source_review_required,contact_candidates_require_review,0,0
osm:node:2760098969,Black Pearl,restaurant,info@blackpearlannarbor.com,general,https://www.blackpearlannarbor.com/contact-us,official_website,location_identity_review_required,contact_candidates_require_review,0,0
osm:way:707351595,Black Rock Grill,restaurant,giftcards@blackrockcorporate.com,public_business_contact_candidate,https://www.blackrockrestaurants.com/,catalog_website_extraction,corporate_shared_inbox,contact_candidates_require_review,0,0
osm:way:441966476,Blank Slate Creamery,dessert,blankslatecreamery2014@gmail.com,public_business_contact_candidate,http://www.blankslatecreamery.com/,catalog_website_extraction,source_review_required,contact_candidates_require_review,0,0
osm:way:441966476,Blank Slate Creamery,dessert,blankslatecreamery2014@gmail.com,public_business_contact_candidate,http://www.blankslatecreamery.com/faqs,catalog_website_extraction,source_review_required,contact_candidates_require_review,0,0
osm:way:441966476,Blank Slate Creamery,dessert,janice@blankslatecreamery.com,public_business_contact_candidate,http://www.blankslatecreamery.com/,catalog_website_extraction,source_review_required,contact_candidates_require_review,0,0
osm:way:441966476,Blank Slate Creamery,dessert,janice@blankslatecreamery.com,public_business_contact_candidate,http://www.blankslatecreamery.com/faqs,catalog_website_extraction,source_review_required,contact_candidates_require_review,0,0
osm:node:2873352845,Blaze Pizza,restaurant,,,,,,website_fetch_blocked_or_failed,,
osm:node:13463287901,Blazin Coop’s Nashville Hot Chicken,fast_food,,,,,,manual_research_no_email,,
osm:node:3065601646,Blue Apple,cafe,,,,,,manual_research_no_email,,
osm:node:4802256330,Blue Leprechaun,bar,,,,,,manual_research_no_email,,
osm:node:9905975063,Blue Nile Ethiopian,restaurant,filler@godaddy.com,public_business_contact_candidate,https://bluenileannarbor.com/,catalog_website_extraction,excluded_vendor_or_placeholder,contact_candidates_require_review,0,0
osm:node:12842602123,Bløm Mead + Cider,bar,hello@drinkblom.com,public_business_contact_candidate,https://www.drinkblom.com/,catalog_website_extraction,source_review_required,contact_candidates_require_review,0,0
osm:node:12842602123,Bløm Mead + Cider,bar,hello@drinkblom.com,public_business_contact_candidate,https://www.drinkblom.com/about-us,catalog_website_extraction,source_review_required,contact_candidates_require_review,0,0
osm:node:12842602123,Bløm Mead + Cider,bar,hello@drinkblom.com,public_business_contact_candidate,https://www.drinkblom.com/find-us,catalog_website_extraction,source_review_required,contact_candidates_require_review,0,0
osm:way:457786034,Bob Evans,restaurant,,,,,,manual_research_no_email,,
osm:node:11982473187,Bodega Bros,restaurant,,,,,,no_email_found_on_checked_pages,,
osm:node:9111965899,Bon Bon Bon,dessert,bonbonbon@bonbonbon.com,public_business_contact_candidate,https://bonbonbon.com/pages/contact,catalog_website_extraction,source_review_required,contact_candidates_require_review,0,0
osm:node:9111965899,Bon Bon Bon,dessert,marketing@bonbonbon.com,media_or_marketing,https://bonbonbon.com/pages/contact,catalog_website_extraction,source_review_required,contact_candidates_require_review,0,0
osm:node:9111965899,Bon Bon Bon,dessert,sales@bonbonbon.com,public_business_contact_candidate,https://bonbonbon.com/pages/contact,catalog_website_extraction,source_review_required,contact_candidates_require_review,0,0
osm:node:12710863588,Bonchon,restaurant,,,,,,manual_research_no_email,,
osm:node:2760098968,Bora Bora Smoothie Cafe,restaurant,hi@boraborausa.com,corporate,https://www.boraborausa.com/about/,official_website,location_identity_review_required,contact_candidates_require_review,0,0
osm:node:5173655313,Broadway Cafe,restaurant,broadwaycafehoagie@gmail.com,public_business_contact_candidate,https://broadwaycafea2.com/,catalog_website_extraction,source_review_required,contact_candidates_require_review,0,0
osm:node:5173655313,Broadway Cafe,restaurant,broadwaycafehoagie@gmail.com,public_business_contact_candidate,https://broadwaycafea2.com/contact,catalog_website_extraction,source_review_required,contact_candidates_require_review,0,0
osm:node:5009753001,Bruegger's Bagels,fast_food,,,,,,website_fetch_blocked_or_failed,,
osm:way:549989960,Buddy's Pizza,fast_food,,,,,,no_email_found_on_checked_pages,,
osm:way:339695056,Buffalo Wild Wings,restaurant,,,,,,manual_research_no_email,,
osm:node:3077164793,Burger One,fast_food,,,,,,no_email_found_on_checked_pages,,
osm:node:3065610483,Bursley Dining Hall,fast_food,,,,,,manual_research_no_email,,
osm:node:4787322462,Cafe Felix,restaurant,,,,,,website_fetch_blocked_or_failed,,
osm:node:4997286406,Cafe Verde,cafe,bcoluni@peoplesfood.coop,public_business_contact_candidate,https://peoplesfood.coop/newsite/about/pfc-board/board-news/,catalog_website_extraction,location_identity_review_required,contact_candidates_require_review,0,0
osm:node:4997286406,Cafe Verde,cafe,gm@peoples.coop,public_business_contact_candidate,https://peoplesfood.coop/newsite/about/contact-location/,catalog_website_extraction,location_identity_review_required,contact_candidates_require_review,0,0
osm:node:4997286406,Cafe Verde,cafe,info@peoplesfood.coop,public_business_contact_candidate,https://peoplesfood.coop/newsite/about/contact-location/,catalog_website_extraction,source_review_required,contact_candidates_require_review,0,0
osm:node:4997286406,Cafe Verde,cafe,info@peoplesfood.coop,public_business_contact_candidate,https://peoplesfood.coop/newsite/about/pfc-board/,catalog_website_extraction,source_review_required,contact_candidates_require_review,0,0
osm:node:4997286406,Cafe Verde,cafe,info@peoplesfood.coop,public_business_contact_candidate,https://peoplesfood.coop/newsite/about/pfc-board/board-news/,catalog_website_extraction,source_review_required,contact_candidates_require_review,0,0
osm:node:4997286406,Cafe Verde,cafe,info@peoplesfood.coop,public_business_contact_candidate,https://peoplesfood.coop/store-cafe/,catalog_website_extraction,source_review_required,contact_candidates_require_review,0,0
osm:node:4997286406,Cafe Verde,cafe,president@peoplesfood.coop,public_business_contact_candidate,https://peoplesfood.coop/newsite/about/pfc-board/,catalog_website_extraction,source_review_required,contact_candidates_require_review,0,0
osm:node:4919630431,Café Zola,cafe,zolareservations@gmail.com,events_or_reservations,https://www.cafezola.com/content/,catalog_website_extraction,source_review_required,contact_candidates_require_review,0,0
osm:node:8366066759,Cakes by Rubina,bakery,info@cakesbyrubina.com,public_business_contact_candidate,http://www.cakesbyrubina.com/,catalog_website_extraction,source_review_required,contact_candidates_require_review,0,0
osm:node:8366066759,Cakes by Rubina,bakery,info@cakesbyrubina.com,public_business_contact_candidate,http://www.cakesbyrubina.com/AboutUs.htm,catalog_website_extraction,source_review_required,contact_candidates_require_review,0,0
osm:node:8366066759,Cakes by Rubina,bakery,info@cakesbyrubina.com,public_business_contact_candidate,http://www.cakesbyrubina.com/ContactUs.htm,catalog_website_extraction,source_review_required,contact_candidates_require_review,0,0
osm:way:1278920713,California Pizza Kitchen,restaurant,,,,,,manual_research_no_email,,
osm:node:14065577360,Campo Pizza,restaurant,info@campopizza.com,public_business_contact_candidate,https://www.campopizza.com/,catalog_website_extraction,source_review_required,contact_candidates_require_review,0,0
osm:node:14065577360,Campo Pizza,restaurant,sara@homesbrewery.com,public_business_contact_candidate,https://www.campopizza.com/,catalog_website_extraction,corporate_shared_inbox,contact_candidates_require_review,0,0
osm:node:14065577360,Campo Pizza,restaurant,sara@homesbrewery.com,public_business_contact_candidate,https://www.campopizza.com/hoursandlocation,catalog_website_extraction,corporate_shared_inbox,contact_candidates_require_review,0,0
osm:node:14065577360,Campo Pizza,restaurant,sara@homesbrewery.com,public_business_contact_candidate,https://www.campopizza.com/location-1,catalog_website_extraction,corporate_shared_inbox,contact_candidates_require_review,0,0
osm:node:13550863983,Cannelle,dessert,info@goldenwheatbakehouse.com,public_business_contact_candidate,https://www.mkcannelle.com/cannelle-annarbor,catalog_website_extraction,location_identity_review_required,contact_candidates_require_review,0,0
osm:node:13550863983,Cannelle,dessert,info@goldenwheatbakehouse.com,public_business_contact_candidate,https://www.mkcannelle.com/contact-us,catalog_website_extraction,location_identity_review_required,contact_candidates_require_review,0,0
osm:node:13550863983,Cannelle,dessert,info@goldenwheatbakehouse.com,public_business_contact_candidate,https://www.mkcannelle.com/news,catalog_website_extraction,location_identity_review_required,contact_candidates_require_review,0,0
osm:node:5007708559,Cantina,restaurant,info@cantinaannarbor.com,public_business_contact_candidate,https://cantinaannarbor.com/,catalog_website_extraction,source_review_required,contact_candidates_require_review,0,0
osm:node:5007708559,Cantina,restaurant,info@cantinaannarbor.com,public_business_contact_candidate,https://cantinaannarbor.com/contact,catalog_website_extraction,source_review_required,contact_candidates_require_review,0,0
osm:node:3077164777,Cardamom,restaurant,,,,,,no_email_found_on_checked_pages,,
osm:way:220542270,Carlyle Grill,restaurant,,,,,,no_email_found_on_checked_pages,,
osm:way:485228245,Casa Dominick's,restaurant,,,,,,no_email_found_on_checked_pages,,
osm:node:305088494,Casey's Tavern,bar,,,,,,no_email_found_on_checked_pages,,
osm:way:639118285,Casey's Tavern,restaurant,,,,,,manual_research_no_email,,
osm:way:299044531,Casey’s Tavern East,restaurant,,,,,,no_email_found_on_checked_pages,,
osm:node:4438533904,Chan's Garden,restaurant,,,,,,no_email_found_on_checked_pages,,
osm:node:12896029117,Chapala Mexican Restaurant,restaurant,,,,,,website_fetch_blocked_or_failed,,
osm:node:4437933858,Chela's Restaurant & Taqueria,restaurant,,,,,,no_email_found_on_checked_pages,,
osm:node:2874423481,Chicago Reds,cafe,,,,,,manual_research_no_email,,
osm:way:383453099,Chick N' Seafood Spot,restaurant,anis00776@gmail.com,public_business_contact_candidate,https://chicknseafoodspot.com/,catalog_website_extraction,source_review_required,contact_candidates_require_review,0,0
osm:way:345330837,Chick-fil-A,fast_food,,,,,,no_email_found_on_checked_pages,,
osm:way:191023314,Chili's,restaurant,,,,,,manual_research_no_email,,
osm:node:13714121847,China King,restaurant,,,,,,manual_research_no_email,,
osm:node:2040297932,Chipotle,fast_food,,,,,,no_email_found_on_checked_pages,,
osm:node:2742714767,Chipotle,fast_food,,,,,,no_email_found_on_checked_pages,,
osm:way:1278920703,Chipotle,fast_food,,,,,,no_email_found_on_checked_pages,,
osm:way:441361335,Chipotle,fast_food,,,,,,no_email_found_on_checked_pages,,
osm:node:6240298889,Chopsticks,restaurant,,,,,,manual_research_no_email,,
osm:way:1278920662,Cinnabon,fast_food,,,,,,no_email_found_on_checked_pages,,
osm:node:12967195102,Cinnaholic,dessert,,,,,,no_email_found_on_checked_pages,,
osm:node:5914646541,Cold Stone Creamery,dessert,mycoldstoneclub@kahalamgmt.com,public_business_contact_candidate,https://www.coldstonecreamery.com/contact-us/,catalog_website_extraction,corporate_shared_inbox,contact_candidates_require_review,0,0
osm:node:2760098981,Comet Coffee,cafe,,,,,,no_email_found_on_checked_pages,,
osm:way:460494756,Concessions,fast_food,,,,,,manual_research_no_email,,
osm:way:612103759,Concessions,fast_food,,,,,,manual_research_no_email,,
osm:node:2874452535,Condado Tacos,restaurant,,,,,,no_email_found_on_checked_pages,,
osm:node:2989746491,Coney Island Hotdogs,restaurant,,,,,,manual_research_no_email,,
osm:node:2760098977,Connor O'Neils,bar,info@conoroneills.com,public_business_contact_candidate,https://www.conoroneills.com/,catalog_website_extraction,source_review_required,contact_candidates_require_review,0,0
osm:node:2760098977,Connor O'Neils,bar,info@conoroneills.com,public_business_contact_candidate,https://www.conoroneills.com/contact,catalog_website_extraction,source_review_required,contact_candidates_require_review,0,0
osm:node:5024950006,Coratti's Pizzeria,restaurant,annarbor@corattispizzeria.com,public_business_contact_candidate,https://www.corattispizzeria.com/ann-arbor,catalog_website_extraction,source_review_required,contact_candidates_require_review,0,0
osm:node:5024950006,Coratti's Pizzeria,restaurant,annarbor@corattispizzeria.com,public_business_contact_candidate,https://www.corattispizzeria.com/howell,catalog_website_extraction,source_review_required,contact_candidates_require_review,0,0
osm:node:5024950006,Coratti's Pizzeria,restaurant,annarbor@corattispizzeria.com,public_business_contact_candidate,https://www.corattispizzeria.com/locations,catalog_website_extraction,source_review_required,contact_candidates_require_review,0,0
osm:node:5024950006,Coratti's Pizzeria,restaurant,annarbor@corattispizzeria.com,public_business_contact_candidate,https://www.corattispizzeria.com/napoletana-certification,catalog_website_extraction,source_review_required,contact_candidates_require_review,0,0
osm:node:5024950006,Coratti's Pizzeria,restaurant,info@corattispizzeria.com,public_business_contact_candidate,https://www.corattispizzeria.com/ann-arbor,catalog_website_extraction,source_review_required,contact_candidates_require_review,0,0
osm:node:5024950006,Coratti's Pizzeria,restaurant,info@corattispizzeria.com,public_business_contact_candidate,https://www.corattispizzeria.com/howell,catalog_website_extraction,source_review_required,contact_candidates_require_review,0,0
osm:node:5024950006,Coratti's Pizzeria,restaurant,info@corattispizzeria.com,public_business_contact_candidate,https://www.corattispizzeria.com/locations,catalog_website_extraction,source_review_required,contact_candidates_require_review,0,0
osm:node:5024950006,Coratti's Pizzeria,restaurant,info@corattispizzeria.com,public_business_contact_candidate,https://www.corattispizzeria.com/napoletana-certification,catalog_website_extraction,source_review_required,contact_candidates_require_review,0,0
osm:node:14078875803,CoreLife Eatery,restaurant,,,,,,no_email_found_on_checked_pages,,
osm:node:8775094989,Cosa Sabrosa,fast_food,info@cosasabrosa.com,public_business_contact_candidate,http://www.cosasabrosa.com/,catalog_website_extraction,source_review_required,contact_candidates_require_review,0,0
osm:node:8775094989,Cosa Sabrosa,fast_food,info@cosasabrosa.com,public_business_contact_candidate,http://www.cosasabrosa.com/find-us.html,catalog_website_extraction,source_review_required,contact_candidates_require_review,0,0
osm:node:10537632228,Cottage Inn Pizza,fast_food,,,,,,no_email_found_on_checked_pages,,
osm:way:256667358,Cottage Inn Pizza,restaurant,,,,,,no_email_found_on_checked_pages,,
osm:node:3014819390,Cottage Inn Pizza,restaurant,,,,,,manual_research_no_email,,
osm:node:4953893900,Crazy Wisdom Tearoom,cafe,,,,,,website_fetch_blocked_or_failed,,
osm:node:13958861405,Culantro,restaurant,,,,,,website_fetch_blocked_or_failed,,
osm:way:403512341,Culver's,fast_food,,,,,,no_email_found_on_checked_pages,,
osm:node:12552394003,Cupsnchai,cafe,support@cupsnchai.com,public_business_contact_candidate,https://cupsnchai.com/contact-us/,catalog_website_extraction,source_review_required,contact_candidates_require_review,0,0
osm:node:12552394003,Cupsnchai,cafe,support@cupsnchai.com,public_business_contact_candidate,https://cupsnchai.com/south-asian-cafe-in-michigan/,catalog_website_extraction,source_review_required,contact_candidates_require_review,0,0
osm:node:12842602124,Curious Coffee,cafe,info@curious-coffee.com,general,https://www.curious-coffee.com/home,official_website,location_identity_review_required,contact_candidates_require_review,0,0
osm:node:10293854683,Curry On,restaurant,,,,,,no_email_found_on_checked_pages,,
osm:way:381532687,DJ’s Bakery,bakery,,,,,,manual_research_no_email,,
osm:node:8090462308,Dagu Rice Noodle,restaurant,,,,,,no_email_found_on_checked_pages,,
osm:way:330657889,Dairy Queen,fast_food,,,,,,website_fetch_blocked_or_failed,,
osm:way:441362666,Dairy Queen,fast_food,,,,,,website_fetch_blocked_or_failed,,
osm:node:6799621107,Desi Ruchulu,restaurant,,,,,,no_email_found_on_checked_pages,,
osm:way:330177946,Detroit Street Filling Station,restaurant,detroitstreetfillingstation@gmail.com,public_business_contact_candidate,https://thelunchrooma2.com/detroit-street-filling-station-1,catalog_website_extraction,source_review_required,contact_candidates_require_review,0,0
osm:way:330177946,Detroit Street Filling Station,restaurant,thelunchrooma2@gmail.com,public_business_contact_candidate,https://thelunchrooma2.com/contact-1,catalog_website_extraction,source_review_required,contact_candidates_require_review,0,0
osm:way:330177946,Detroit Street Filling Station,restaurant,thelunchroombakery@gmail.com,public_business_contact_candidate,https://thelunchrooma2.com/detroit-street-filling-station-1,catalog_website_extraction,source_review_required,contact_candidates_require_review,0,0
osm:node:6240298887,DiBella's Subs,fast_food,,,,,,no_email_found_on_checked_pages,,
osm:node:4958401113,Ding Tea,cafe,,,,,,manual_research_no_email,,
osm:node:5258062833,Domino's,fast_food,,,,,,no_email_found_on_checked_pages,,
osm:node:9282163773,Domino's,fast_food,,,,,,no_email_found_on_checked_pages,,
osm:node:12710836927,Dominos,restaurant,,,,,,manual_research_no_email,,
osm:node:4396703021,Don Juan Mexican Bar & Grill,restaurant,losamigosmr@gmail.com,public_business_contact_candidate,https://donjuanandlosamigos.net/west-stadium,catalog_website_extraction,corporate_shared_inbox,contact_candidates_require_review,0,0
osm:node:4396703021,Don Juan Mexican Bar & Grill,restaurant,losamigoswestland@yahoo.com,public_business_contact_candidate,https://donjuanandlosamigos.net/west-stadium,catalog_website_extraction,excluded_other_location,contact_candidates_require_review,0,0
osm:node:9807443899,Dozer Coffee,cafe,,,,,,no_email_found_on_checked_pages,,
osm:node:13123598952,Dunkin',fast_food,,,,,,website_fetch_blocked_or_failed,,
osm:node:4837688325,Dunkin',restaurant,customerservice@dunkinbrands.com,corporate_support,https://news.dunkindonuts.com/contacts,official_website,corporate_shared_inbox,contact_candidates_require_review,0,0
osm:node:3033183135,Earthen Jar,restaurant,contact@earthenjar.com,public_business_contact_candidate,https://www.earthenjar.com/,catalog_website_extraction,source_review_required,contact_candidates_require_review,0,0
osm:node:3033183135,Earthen Jar,restaurant,contact@earthenjar.com,public_business_contact_candidate,https://www.earthenjar.com/about.html,catalog_website_extraction,source_review_required,contact_candidates_require_review,0,0
osm:node:3033183135,Earthen Jar,restaurant,contact@earthenjar.com,public_business_contact_candidate,https://www.earthenjar.com/contact.html,catalog_website_extraction,source_review_required,contact_candidates_require_review,0,0
osm:node:3033183135,Earthen Jar,restaurant,contact@earthenjar.com,public_business_contact_candidate,https://www.earthenjar.com/locations.html,catalog_website_extraction,source_review_required,contact_candidates_require_review,0,0
osm:node:11982476362,East Quad Dining Hall,restaurant,,,,,,website_fetch_blocked_or_failed,,
osm:node:11881265130,Eat Thai,restaurant,,,,,,no_email_found_on_checked_pages,,
osm:node:4787322461,Echelon Kitchen & Bar,restaurant,info@echelonkitchenandbar.com,public_business_contact_candidate,https://www.echelonkitchenandbar.com/location/echelon-kitchen-and-bar/,catalog_website_extraction,source_review_required,contact_candidates_require_review,0,0
osm:node:2912189330,El Harissa Market Cafe,restaurant,elharissaannarbor@gmail.com,public_business_contact_candidate,https://elharissaa2.com/,catalog_website_extraction,source_review_required,contact_candidates_require_review,0,0
osm:node:2912189330,El Harissa Market Cafe,restaurant,elharissaannarbor@gmail.com,public_business_contact_candidate,https://elharissaa2.com/contact/,catalog_website_extraction,source_review_required,contact_candidates_require_review,0,0
osm:node:10293854684,El Limón,restaurant,,,,,,manual_research_no_email,,
osm:way:485521110,El Tapatio Taqueria,restaurant,,,,,,no_email_found_on_checked_pages,,
osm:way:496169358,Espy Cafe,cafe,,,,,,no_email_found_on_checked_pages,,
osm:node:13958912941,Everest Sherpa,restaurant,info@everestsherparestaurant.com,public_business_contact_candidate,https://www.everestsherparestaurant.com/,catalog_website_extraction,source_review_required,contact_candidates_require_review,0,0
osm:node:11945643440,Evergreen,restaurant,,,,,,no_email_found_on_checked_pages,,
osm:way:468004162,Evergreen Downtown,restaurant,,,,,,no_email_found_on_checked_pages,,
osm:node:2742714805,Fat Daddy's,restaurant,,,,,,manual_research_no_email,,
osm:node:12329410630,Firehouse Subs,restaurant,,,,,,no_email_found_on_checked_pages,,
osm:way:1288443668,Fireside Café,restaurant,,,,,,manual_research_no_email,,
osm:node:3062442003,Fireside Roast,cafe,,,,,,manual_research_no_email,,
osm:node:6799621779,First Bite,restaurant,,,,,,no_email_found_on_checked_pages,,
osm:node:10798127691,First Watch,restaurant,avotoast@goodmorning.firstwatch.com,public_business_contact_candidate,https://firstwatch.com/contact,catalog_website_extraction,corporate_shared_inbox,contact_candidates_require_review,0,0
osm:node:6388005294,Five Guys,fast_food,,,,,,no_email_found_on_checked_pages,,
osm:node:4947845982,Five Guys,fast_food,marketing@fiveguys.com,media_or_marketing,https://www.fiveguys.com/support-hub/contact-us/,catalog_website_extraction,corporate_shared_inbox,contact_candidates_require_review,0,0
osm:way:368014065,Fleetwood Diner,restaurant,,,,,,no_email_found_on_checked_pages,,
osm:node:4909268196,Frank's Restaurant,restaurant,,,,,,manual_research_no_email,,
osm:way:329462347,Fraser's Pub,bar,contactus@fraserspub.com,public_business_contact_candidate,https://www.fraserspub.com/,catalog_website_extraction,source_review_required,contact_candidates_require_review,0,0
osm:node:4787322460,Frita Batidos,restaurant,frita@fritabatidos.com,public_business_contact_candidate,https://fritabatidos.com/ann-arbor/contact/,catalog_website_extraction,source_review_required,contact_candidates_require_review,0,0
osm:node:2040178562,Gandy Dancer,restaurant,,,,,,no_email_found_on_checked_pages,,
osm:node:12152012391,Get Away N’ Play Café,fast_food,case-calvin@aramark.com,public_business_contact_candidate,https://michiganmedicine.mydininghub.com/en/contact-us,catalog_website_extraction,location_identity_review_required,contact_candidates_require_review,0,0
osm:node:12152012391,Get Away N’ Play Café,fast_food,clark-bria@aramark.com,public_business_contact_candidate,https://michiganmedicine.mydininghub.com/en/contact-us,catalog_website_extraction,location_identity_review_required,contact_candidates_require_review,0,0
osm:node:12152012391,Get Away N’ Play Café,fast_food,garvey-nicholas@aramark.com,public_business_contact_candidate,https://michiganmedicine.mydininghub.com/en/contact-us,catalog_website_extraction,location_identity_review_required,contact_candidates_require_review,0,0
osm:node:12152012391,Get Away N’ Play Café,fast_food,hasho-jeffrey@aramark.com,public_business_contact_candidate,https://michiganmedicine.mydininghub.com/en/contact-us,catalog_website_extraction,location_identity_review_required,contact_candidates_require_review,0,0
osm:node:6474160485,Get Some Burritos,fast_food,,,,,,manual_research_no_email,,
osm:node:10542046199,Ginger Deli,restaurant,gingerdelia2@gmail.com,catering,https://www.gingerdeli.com/contact,official_website,published_contact_only,contact_candidates_require_review,0,0
osm:node:3077164776,Ginger Deli,fast_food,gingerdelia2@gmail.com,business_catering,https://www.gingerdeli.com/contact,official_website,location_identity_review_required,contact_candidates_require_review,0,0
osm:node:5018488424,Godaiko,restaurant,,,,,,no_email_found_on_checked_pages,,
osm:node:560917683,Good Time Charley's,bar,info@charleysannarbor.com,public_business_contact_candidate,https://www.charleysannarbor.com/,catalog_website_extraction,source_review_required,contact_candidates_require_review,0,0
osm:node:3825691557,Graham's Restaurant,restaurant,,,,,,manual_research_no_email,,
osm:node:12152091521,Grand Grounds,cafe,case-calvin@aramark.com,public_business_contact_candidate,https://michiganmedicine.mydininghub.com/en/contact-us,catalog_website_extraction,location_identity_review_required,contact_candidates_require_review,0,0
osm:node:12152091521,Grand Grounds,cafe,clark-bria@aramark.com,public_business_contact_candidate,https://michiganmedicine.mydininghub.com/en/contact-us,catalog_website_extraction,location_identity_review_required,contact_candidates_require_review,0,0
osm:node:12152091521,Grand Grounds,cafe,garvey-nicholas@aramark.com,public_business_contact_candidate,https://michiganmedicine.mydininghub.com/en/contact-us,catalog_website_extraction,location_identity_review_required,contact_candidates_require_review,0,0
osm:node:12152091521,Grand Grounds,cafe,hasho-jeffrey@aramark.com,public_business_contact_candidate,https://michiganmedicine.mydininghub.com/en/contact-us,catalog_website_extraction,location_identity_review_required,contact_candidates_require_review,0,0
osm:node:2760098978,Gratzi,restaurant,,,,,,website_fetch_blocked_or_failed,,
osm:node:2758567958,Grizzly Peak Brewing Company,restaurant,manager@grizzlypeak.net,public_business_contact_candidate,https://www.grizzlypeak.net/,catalog_website_extraction,source_review_required,contact_candidates_require_review,0,0
osm:node:9807443905,HOMES Can Shop & Smooj Lab,bar,info@homesbrewery.com,shared_business_group,https://www.homescampus.com/info,official_website,location_identity_review_required,contact_candidates_require_review,0,0
osm:node:13228399614,Haifa Falafel,restaurant,,,,,,no_email_found_on_checked_pages,,
osm:node:6238073299,Haifa Falafel,fast_food,,,,,,no_email_found_on_checked_pages,,
osm:node:12092597881,Happy Wok,restaurant,,,,,,no_email_found_on_checked_pages,,
osm:node:13294975523,Hazel Coffee Co.,cafe,hazelcoffeeco@gmail.com,public_business_contact_candidate,https://www.hazelcoffee.co/,catalog_website_extraction,source_review_required,contact_candidates_require_review,0,0
osm:node:13294975523,Hazel Coffee Co.,cafe,hazelcoffeeco@gmail.com,public_business_contact_candidate,https://www.hazelcoffee.co/about,catalog_website_extraction,source_review_required,contact_candidates_require_review,0,0
osm:node:13294975523,Hazel Coffee Co.,cafe,hazelcoffeeco@gmail.com,public_business_contact_candidate,https://www.hazelcoffee.co/contact,catalog_website_extraction,source_review_required,contact_candidates_require_review,0,0
osm:node:12896035327,Heidelberg Restaurant,restaurant,,,,,,no_email_found_on_checked_pages,,
osm:node:4438533905,Hello Faz Pizza,fast_food,,,,,,no_email_found_on_checked_pages,,
osm:way:1288443647,Hibachi-san,restaurant,,,,,,manual_research_no_email,,
osm:node:4923016825,Hillel Cafe,cafe,dredman@umich.edu,institutional_catering,https://michiganhillel.org/hillel-cafe/,official_website,corporate_shared_inbox,contact_candidates_require_review,0,0
osm:node:4842861418,Hola Seoul,restaurant,a2holaseoul715@gmail.com,public_business_contact_candidate,https://holaseoul.com/,catalog_website_extraction,source_review_required,contact_candidates_require_review,0,0
osm:way:441287578,Holiday's Restaurant,restaurant,,,,,,no_email_found_on_checked_pages,,
osm:way:441445542,Homes Brewery,bar,info@homesbrewery.com,shared_business_group,https://www.homescampus.com/info,official_website,corporate_shared_inbox,contact_candidates_require_review,0,0
osm:node:8662328602,Honey Baked Ham,fast_food,,,,,,no_email_found_on_checked_pages,,
osm:node:4945806627,HopCat,bar,,,,,,no_email_found_on_checked_pages,,
osm:way:441361324,Hot Pot Chen,restaurant,,,,,,no_email_found_on_checked_pages,,
osm:node:12552450060,House of Chimney Cakes,dessert,,,,,,no_email_found_on_checked_pages,,
osm:node:12588650443,Hummus Express,restaurant,,,,,,no_email_found_on_checked_pages,,
osm:node:14165309782,Hungry Howie's,fast_food,,,,,,website_fetch_blocked_or_failed,,
osm:node:4406258353,Hungry Howie's,fast_food,,,,,,manual_research_no_email,,
osm:node:9915460327,Hyperion Coffee Co,cafe,cafe@hyperioncoffee.com,public_business_contact_candidate,https://www.hyperioncoffee.com/contact,catalog_website_extraction,source_review_required,contact_candidates_require_review,0,0
osm:node:9915460327,Hyperion Coffee Co,cafe,hyperioncoffeeco@gmail.com,public_business_contact_candidate,https://www.hyperioncoffee.com/contact,catalog_website_extraction,source_review_required,contact_candidates_require_review,0,0
osm:node:9915460327,Hyperion Coffee Co,cafe,orders@hyperioncoffee.com,public_business_contact_candidate,https://www.hyperioncoffee.com/contact,catalog_website_extraction,source_review_required,contact_candidates_require_review,0,0
osm:way:393535455,IHOP,restaurant,,,,,,no_email_found_on_checked_pages,,
osm:way:93681657,Ichiban,restaurant,info@ichibanrestaurants.com,public_business_contact_candidate,https://ichibanrestaurants.com/contact/,catalog_website_extraction,source_review_required,contact_candidates_require_review,0,0
osm:node:9092417188,Iggy's Eggies,restaurant,inbox@iggyseggies.com,public_business_contact_candidate,https://iggyseggies.com/,catalog_website_extraction,source_review_required,contact_candidates_require_review,0,0
osm:node:3040289939,Insomnia Cookies,dessert,,,,,,no_email_found_on_checked_pages,,
osm:node:10542067711,Iorio Gelato,dessert,ciao@ioriosgelato.com,corporate,https://www.ioriosgelato.com/locations-1,official_website,location_identity_review_required,contact_candidates_require_review,0,0
osm:node:4992709780,Isalita,restaurant,,,,,,manual_research_no_email,,
osm:node:13279065344,Izzy's Hoagie Shop,fast_food,,,,,,no_email_found_on_checked_pages,,
osm:node:8775045378,JJ Crab House,restaurant,info@jjcrabhouse.com,public_business_contact_candidate,https://www.jjcrabhouse.com/,catalog_website_extraction,source_review_required,contact_candidates_require_review,0,0
osm:node:2760098986,Jamaican Jerk Pit,restaurant,info@jamaicanjerkpit.com,public_business_contact_candidate,http://jamaicanjerkpit.com/,catalog_website_extraction,source_review_required,contact_candidates_require_review,0,0
osm:node:2760098986,Jamaican Jerk Pit,restaurant,info@jamaicanjerkpit.com,public_business_contact_candidate,http://jamaicanjerkpit.com/about/,catalog_website_extraction,source_review_required,contact_candidates_require_review,0,0
osm:node:2760098986,Jamaican Jerk Pit,restaurant,info@jamaicanjerkpit.com,public_business_contact_candidate,http://jamaicanjerkpit.com/contact/,catalog_website_extraction,source_review_required,contact_candidates_require_review,0,0
osm:node:9061192936,Jasmine,cafe,,,,,,manual_research_no_email,,
osm:node:2989746490,Jersey Mike's Subs,fast_food,,,,,,no_email_found_on_checked_pages,,
osm:node:3033183136,Jerusalem Garden,restaurant,,,,,,no_email_found_on_checked_pages,,
osm:node:3077164780,Jet's Pizza,restaurant,,,,,,manual_research_no_email,,
osm:node:5018488426,Jet's Pizza,restaurant,,,,,,no_email_found_on_checked_pages,,
osm:node:13963446833,Jimmy John's,fast_food,,,,,,no_email_found_on_checked_pages,,
osm:node:3072793304,Jimmy John's,fast_food,,,,,,no_email_found_on_checked_pages,,
osm:node:3072793305,Jimmy John's,fast_food,,,,,,no_email_found_on_checked_pages,,
osm:way:277368089,Jimmy John's,fast_food,,,,,,no_email_found_on_checked_pages,,
osm:way:459913211,Jimmy John's,fast_food,,,,,,no_email_found_on_checked_pages,,
osm:node:8366066760,Jinan’s Exotic Cuisine & Bakery,bakery,,,,,,no_email_found_on_checked_pages,,
osm:node:9403993530,Joe's Pizza,restaurant,,,,,,no_email_found_on_checked_pages,,
osm:node:2760098965,Jolly Pumpkin,bar,manager.aa@jollypumpkin.com,public_business_contact_candidate,https://annarbor.jollypumpkin.com/,catalog_website_extraction,source_review_required,contact_candidates_require_review,0,0
osm:node:3129635302,Juicy Kitchen,cafe,,,,,,no_email_found_on_checked_pages,,
osm:node:13756159220,K-Pot Korean BBQ & Hot Pot,restaurant,,,,,,no_email_found_on_checked_pages,,
osm:way:1024432940,KFC,fast_food,,,,,,no_email_found_on_checked_pages,,
osm:node:11101910992,Kanbu Sushi,restaurant,,,,,,manual_research_no_email,,
osm:node:4935570686,Kanbu Sushi Downtown,restaurant,,,,,,no_email_found_on_checked_pages,,
osm:node:4792172900,Kang's,restaurant,kangkorean1986@gmail.com,public_business_contact_candidate,http://www.kangsannarbor.com/contact,catalog_website_extraction,source_review_required,contact_candidates_require_review,0,0
osm:node:4792172900,Kang's,restaurant,kangsrestaurant@gmail.com,public_business_contact_candidate,http://www.kangsannarbor.com/,catalog_website_extraction,source_review_required,contact_candidates_require_review,0,0
osm:node:4792172900,Kang's,restaurant,kangsrestaurant@gmail.com,public_business_contact_candidate,http://www.kangsannarbor.com/aboutus,catalog_website_extraction,source_review_required,contact_candidates_require_review,0,0
osm:node:4792172900,Kang's,restaurant,kangsrestaurant@gmail.com,public_business_contact_candidate,http://www.kangsannarbor.com/contact,catalog_website_extraction,source_review_required,contact_candidates_require_review,0,0
osm:node:3196332146,Kimchi Box,restaurant,,,,,,manual_research_no_email,,
osm:node:3821488749,King Shing,restaurant,,,,,,no_email_found_on_checked_pages,,
osm:node:2874452533,Knight's Downtown Steakhouse,restaurant,,,,,,website_fetch_blocked_or_failed,,
osm:way:339994751,Knight's Steakhouse,restaurant,feedback@knightsrestaurants.com,public_business_contact_candidate,https://knightsrestaurants.com/contact-knights,catalog_website_extraction,source_review_required,contact_candidates_require_review,0,0
osm:node:5919368087,Kosmo's BopShop,restaurant,,,,,,no_email_found_on_checked_pages,,
osm:way:495081617,Krazy Jim's Blimpy Burger,fast_food,info@blimpyburger.com,public_business_contact_candidate,https://www.blimpyburger.com/,catalog_website_extraction,source_review_required,contact_candidates_require_review,0,0
osm:way:495081617,Krazy Jim's Blimpy Burger,fast_food,info@blimpyburger.com,public_business_contact_candidate,https://www.blimpyburger.com/about,catalog_website_extraction,source_review_required,contact_candidates_require_review,0,0
osm:way:495081617,Krazy Jim's Blimpy Burger,fast_food,info@blimpyburger.com,public_business_contact_candidate,https://www.blimpyburger.com/contact,catalog_website_extraction,source_review_required,contact_candidates_require_review,0,0
osm:node:13956217773,Krispy Kraze,restaurant,,,,,,no_email_found_on_checked_pages,,
osm:node:8774928526,La Piña Loca,dessert,,,,,,no_email_found_on_checked_pages,,
osm:node:13551069049,La Serre,restaurant,,,,,,no_email_found_on_checked_pages,,
osm:node:6364697989,Lab Cafe,cafe,,,,,,manual_research_no_email,,
osm:node:6388005295,Lai Lai,restaurant,,,,,,manual_research_no_email,,
osm:node:9403993528,Lan City Noodle Bar,restaurant,support@lancity.com,general_business_unconfirmed,https://nextdoor.com/pages/lan-city-noodle-bar-ann-arbor-ann-arbor-mi/,third_party,location_identity_review_required,contact_candidates_require_review,0,0
osm:node:11940249833,Latte Factory,cafe,,,,,,manual_research_no_email,,
osm:node:7560861824,Le Bon Macaron,bakery,bonjour@lebonmacaron.com,public_business_contact_candidate,https://lebonmacaron.com/ann-arbor/,catalog_website_extraction,source_review_required,contact_candidates_require_review,0,0
osm:node:7560861824,Le Bon Macaron,bakery,bonjour@lebonmacaron.com,public_business_contact_candidate,https://lebonmacaron.com/contact/,catalog_website_extraction,source_review_required,contact_candidates_require_review,0,0
osm:node:7560861824,Le Bon Macaron,bakery,bonjour@lebonmacaron.com,public_business_contact_candidate,https://lebonmacaron.com/contact/?s=,catalog_website_extraction,source_review_required,contact_candidates_require_review,0,0
osm:node:7560861824,Le Bon Macaron,bakery,bonjour@lebonmacaron.com,public_business_contact_candidate,https://lebonmacaron.com/locations/,catalog_website_extraction,source_review_required,contact_candidates_require_review,0,0
osm:node:4660566134,Lefty's Cheesesteak,fast_food,charlie@theleftys.com,public_business_contact_candidate,https://eatleftys.com/about/,catalog_website_extraction,corporate_shared_inbox,contact_candidates_require_review,0,0
osm:node:4660566134,Lefty's Cheesesteak,fast_food,charlie@theleftys.com,public_business_contact_candidate,https://eatleftys.com/contact-us/,catalog_website_extraction,corporate_shared_inbox,contact_candidates_require_review,0,0
osm:node:4660566134,Lefty's Cheesesteak,fast_food,charlie@theleftys.com,public_business_contact_candidate,https://eatleftys.com/locations/,catalog_website_extraction,corporate_shared_inbox,contact_candidates_require_review,0,0
osm:node:4660566134,Lefty's Cheesesteak,fast_food,charlie@theleftys.com,public_business_contact_candidate,https://eatleftys.com/locations/ann-arbor/,catalog_website_extraction,corporate_shared_inbox,contact_candidates_require_review,0,0
osm:node:8779519246,Levana Restaurant,restaurant,,,,,,no_email_found_on_checked_pages,,
osm:node:2508775052,Little Caesars,fast_food,,,,,,website_fetch_blocked_or_failed,,
osm:way:381532676,Little Caesars,fast_food,,,,,,website_fetch_blocked_or_failed,,
osm:way:339360601,Los Amigos,restaurant,,,,,,manual_research_no_email,,
osm:node:4964930186,Lowertown Bar & Cafe,cafe,hello@lowertowna2.com,public_business_contact_candidate,https://lowertowna2.com/contact,catalog_website_extraction,source_review_required,contact_candidates_require_review,0,0
osm:node:12710707621,Luca Pastry,dessert,,,,,,no_email_found_on_checked_pages,,
osm:node:3810661867,Lucky Kitchen,restaurant,,,,,,no_email_found_on_checked_pages,,
osm:node:3072665436,M-36 Coffee Roasters,cafe,info@m36coffeeroasters.com,public_business_contact_candidate,https://m36coffeeroasters.com/,catalog_website_extraction,source_review_required,contact_candidates_require_review,0,0
osm:node:3072665436,M-36 Coffee Roasters,cafe,info@m36coffeeroasters.com,public_business_contact_candidate,https://m36coffeeroasters.com/pages/about-us,catalog_website_extraction,source_review_required,contact_candidates_require_review,0,0
osm:node:3072665436,M-36 Coffee Roasters,cafe,info@m36coffeeroasters.com,public_business_contact_candidate,https://m36coffeeroasters.com/pages/contact,catalog_website_extraction,source_review_required,contact_candidates_require_review,0,0
osm:node:3072665436,M-36 Coffee Roasters,cafe,info@m36coffeeroasters.com,public_business_contact_candidate,https://m36coffeeroasters.com/pages/wholesale-contact-page,catalog_website_extraction,source_review_required,contact_candidates_require_review,0,0
osm:node:13899986076,MD Bagel Fragel,restaurant,,,,,,manual_research_no_email,,
osm:node:8774928527,MI Juice Garden,fast_food,,,,,,website_fetch_blocked_or_failed,,
osm:node:14007215442,Macino's Pizza & Grinders,restaurant,a2mancinos@yahoo.com,public_business_contact_candidate,https://www.a2mancinos.com/,catalog_website_extraction,source_review_required,contact_candidates_require_review,0,0
osm:node:14007215442,Macino's Pizza & Grinders,restaurant,a2mancinos@yahoo.com,public_business_contact_candidate,https://www.a2mancinos.com/contact,catalog_website_extraction,source_review_required,contact_candidates_require_review,0,0
osm:way:319352939,Madras Masala,restaurant,,,,,,no_email_found_on_checked_pages,,
osm:node:5173655311,Madras Masala Express,restaurant,,,,,,no_email_found_on_checked_pages,,
osm:node:3072665434,Maizie's,restaurant,,,,,,manual_research_no_email,,
osm:node:9099007295,Mama Satto,restaurant,,,,,,manual_research_no_email,,
osm:node:4992709781,Mani Osteria and Bar,restaurant,contact@mani-a2.com,public_business_contact_candidate,https://maniosteria.com/,catalog_website_extraction,source_review_required,contact_candidates_require_review,0,0
osm:node:4992709781,Mani Osteria and Bar,restaurant,contact@mani-a2.com,public_business_contact_candidate,https://maniosteria.com/contact/,catalog_website_extraction,source_review_required,contact_candidates_require_review,0,0
osm:node:4992709781,Mani Osteria and Bar,restaurant,events@cascabel.us,events_or_reservations,https://maniosteria.com/,catalog_website_extraction,source_review_required,contact_candidates_require_review,0,0
osm:node:4992709781,Mani Osteria and Bar,restaurant,events@cascabel.us,events_or_reservations,https://maniosteria.com/contact/,catalog_website_extraction,source_review_required,contact_candidates_require_review,0,0
osm:node:10566051523,Marco's Pizza,fast_food,,,,,,no_email_found_on_checked_pages,,
osm:node:3077164773,Marco's Pizza,restaurant,,,,,,manual_research_no_email,,
osm:node:13167771297,Mark's Midtown Coney Island,restaurant,,,,,,no_email_found_on_checked_pages,,
osm:node:5323881252,Mark's Midtown Coney Island,fast_food,,,,,,no_email_found_on_checked_pages,,
osm:node:3068937737,Markley Dining Hall,fast_food,,,,,,manual_research_no_email,,
osm:node:13603902327,Marzipops,dessert,hello@marzipops.com,public_business_contact_candidate,https://marzipops.com/pages/contact-us,catalog_website_extraction,source_review_required,contact_candidates_require_review,0,0
osm:node:13603902327,Marzipops,dessert,hello@marzipops.com,public_business_contact_candidate,https://marzipops.com/pages/contact-us-new,catalog_website_extraction,source_review_required,contact_candidates_require_review,0,0
osm:way:295271241,McDonald's,fast_food,,,,,,website_fetch_blocked_or_failed,,
osm:way:300834361,McDonald's,fast_food,,,,,,website_fetch_blocked_or_failed,,
osm:way:345330851,McDonald's,fast_food,,,,,,website_fetch_blocked_or_failed,,
osm:way:403512303,McDonald's,fast_food,,,,,,website_fetch_blocked_or_failed,,
osm:way:441362662,McDonald's,fast_food,,,,,,website_fetch_blocked_or_failed,,
osm:way:93830831,McDonald's,fast_food,,,,,,website_fetch_blocked_or_failed,,
osm:node:11139240503,Mediteranno,restaurant,kroumanis@mediterrano.com,business_contact,https://mediterrano.com/,official_website,published_contact_only,contact_candidates_require_review,0,0
osm:node:4947845981,Menchie's,dessert,,,,,,website_fetch_blocked_or_failed,,
osm:node:2344584616,Mercy's at the Bell Tower,restaurant,,,,,,manual_research_no_email,,
osm:node:2874423246,Michigan Creamery,dessert,,,,,,manual_research_no_email,,
osm:node:2623065827,Mighty Good Coffee,cafe,,,,,,no_email_found_on_checked_pages,,
osm:node:2760098979,Milk & Froth Ice Cream,dessert,hello@milkandfroth.com,public_business_contact_candidate,https://www.milkandfroth.com/,catalog_website_extraction,source_review_required,contact_candidates_require_review,0,0
osm:node:2760098979,Milk & Froth Ice Cream,dessert,wholesale@milkandfroth.com,public_business_contact_candidate,https://www.milkandfroth.com/,catalog_website_extraction,source_review_required,contact_candidates_require_review,0,0
osm:node:13970658549,MilkShake Factory,restaurant,,,,,,no_email_found_on_checked_pages,,
osm:way:466601182,Mindo Chocolate Makers,dessert,info@mindochocolate.com,public_business_contact_candidate,https://mindochocolate.com/pages/contact-us,catalog_website_extraction,source_review_required,contact_candidates_require_review,0,0
osm:way:466601182,Mindo Chocolate Makers,dessert,info@mindochocolate.com,public_business_contact_candidate,https://mindochocolate.com/policies/contact-information,catalog_website_extraction,source_review_required,contact_candidates_require_review,0,0
osm:node:5173655312,Miny's Mexican Restaurant,restaurant,,,,,,no_email_found_on_checked_pages,,
osm:node:13340511601,Misfit Society Coffee Club,cafe,info@misfitsocietycoffee.com,shared_business_contact,https://linktr.ee/misfitsocietycoffee,official_social_link_page,location_identity_review_required,contact_candidates_require_review,0,0
osm:node:8058162855,Miss Kim,restaurant,misskim@zingermans.com,public_business_contact_candidate,https://misskimannarbor.com/,catalog_website_extraction,source_review_required,contact_candidates_require_review,0,0
osm:node:3407105678,Mister Spots,restaurant,mr.spots.bg@gmail.com,public_business_contact_candidate,https://mrspots.com/bowling-green-location/,catalog_website_extraction,excluded_other_location,contact_candidates_require_review,0,0
osm:node:3077164792,Mochinut,fast_food,,,,,,manual_research_no_email,,
osm:node:2873352844,Moe's Southwest Grill,fast_food,,,,,,website_fetch_blocked_or_failed,,
osm:node:4854334139,Moka and Co,cafe,corp@mokanco.com,public_business_contact_candidate,https://mokanco.com/about-us/,catalog_website_extraction,corporate_shared_inbox,contact_candidates_require_review,0,0
osm:node:4854334139,Moka and Co,cafe,corp@mokanco.com,public_business_contact_candidate,https://mokanco.com/ann-arbor/,catalog_website_extraction,corporate_shared_inbox,contact_candidates_require_review,0,0
osm:node:4854334139,Moka and Co,cafe,corp@mokanco.com,public_business_contact_candidate,https://mokanco.com/contact/,catalog_website_extraction,corporate_shared_inbox,contact_candidates_require_review,0,0
osm:node:4854334139,Moka and Co,cafe,corp@mokanco.com,public_business_contact_candidate,https://mokanco.com/locations/,catalog_website_extraction,corporate_shared_inbox,contact_candidates_require_review,0,0
osm:node:4854334139,Moka and Co,cafe,customersatisfaction@mokanco.com,public_business_contact_candidate,https://mokanco.com/contact/,catalog_website_extraction,corporate_shared_inbox,contact_candidates_require_review,0,0
osm:node:4854334139,Moka and Co,cafe,support@mokanco.com,public_business_contact_candidate,https://mokanco.com/contact/,catalog_website_extraction,corporate_shared_inbox,contact_candidates_require_review,0,0
osm:node:6946237529,Momo,restaurant,,,,,,manual_research_no_email,,
osm:node:14062204309,Monahan's Seafood Market,restaurant,info@monahansseafood.com,public_business_contact_candidate,https://monahansseafood.com/,catalog_website_extraction,source_review_required,contact_candidates_require_review,0,0
osm:node:8779519247,Monty's Public House,bar,info@montyspuba2.com,public_business_contact_candidate,https://montyspuba2.com/,catalog_website_extraction,source_review_required,contact_candidates_require_review,0,0
osm:node:8779519247,Monty's Public House,bar,info@montyspuba2.com,public_business_contact_candidate,https://montyspuba2.com/contact-us/,catalog_website_extraction,source_review_required,contact_candidates_require_review,0,0
osm:node:3065616343,Mosher-Jordan Dining Hall,fast_food,,,,,,manual_research_no_email,,
osm:node:12975359201,Mothfire Brewing Co.,bar,,,,,,no_email_found_on_checked_pages,,
osm:node:13428810201,Mr. Yun's Tower Deli,restaurant,,,,,,manual_research_no_email,,
osm:node:11940249839,Mrs. Fields,dessert,,,,,,manual_research_no_email,,
osm:way:1287761527,Mujo Cafe,cafe,mujocafe-duderstadt@umich.edu,institutional_location,https://dining.umich.edu/menus-locations/cafes/mujo-cafe/,official_website,corporate_shared_inbox,contact_candidates_require_review,0,0
osm:node:3074088119,Möge Tee,cafe,,,,,,no_email_found_on_checked_pages,,
osm:node:3062453855,Nagomi Sushi & Korean BBQ,restaurant,nagomisushimi@gmail.com,public_business_contact_candidate,https://www.eatatnagomi.com/,catalog_website_extraction,source_review_required,contact_candidates_require_review,0,0
osm:way:482764060,Namaste Flavours,restaurant,,,,,,no_email_found_on_checked_pages,,
osm:node:5024950005,Neopapalis,restaurant,,,,,,website_fetch_blocked_or_failed,,
osm:node:4958401112,New York Pizza Depot,restaurant,,,,,,no_email_found_on_checked_pages,,
osm:way:403512344,Nick's Original House of Pancakes,restaurant,,,,,,no_email_found_on_checked_pages,,
osm:node:12710861334,No Thai!,restaurant,,,,,,manual_research_no_email,,
osm:node:3077164778,No Thai!,restaurant,,,,,,no_email_found_on_checked_pages,,
osm:node:3094750743,No Thai!,restaurant,,,,,,manual_research_no_email,,
osm:way:466601186,No Thai!,restaurant,,,,,,no_email_found_on_checked_pages,,
osm:node:12806656093,No Thai! Delivery,restaurant,,,,,,manual_research_no_email,,
osm:node:6388005293,Noodles & Company,restaurant,,,,,,no_email_found_on_checked_pages,,
osm:node:749007099,Noodles & Company,restaurant,,,,,,no_email_found_on_checked_pages,,
osm:way:441361344,Noodles & Company,restaurant,,,,,,no_email_found_on_checked_pages,,
osm:node:4908018723,Noori Chicken,restaurant,noorichickenannarbor@gmail.com,public_business_contact_candidate,https://noorichickenannarbor.com/,catalog_website_extraction,source_review_required,contact_candidates_require_review,0,0
osm:node:11982486335,North Quad Dining Hall,restaurant,,,,,,website_fetch_blocked_or_failed,,
osm:node:12955269101,North Star Lounge,bar,northstarloungea2@gmail.com,public_business_contact_candidate,https://www.nstarlounge.com/aboutus,catalog_website_extraction,source_review_required,contact_candidates_require_review,0,0
osm:node:1563352123,Northside Grill,restaurant,,,,,,manual_research_no_email,,
osm:node:13900128953,Nothing Bundt Cakes,restaurant,annarbor@nothingbundtcakes.com,public_business_contact_candidate,https://www.nothingbundtcakes.com/find-a-bakery/mi/annarbor/,catalog_website_extraction,source_review_required,contact_candidates_require_review,0,0
osm:node:13900128953,Nothing Bundt Cakes,restaurant,wecare@nothingbundtcakes.com,public_business_contact_candidate,https://www.nothingbundtcakes.com/contact/,catalog_website_extraction,corporate_shared_inbox,contact_candidates_require_review,0,0
osm:node:2758567965,Old German,bar,,,,,,website_fetch_blocked_or_failed,,
osm:node:4353344866,Old Town Tavern,bar,infooldtowntavern@gmail.com,public_business_contact_candidate,https://www.oldtownaa.com/contact,catalog_website_extraction,source_review_required,contact_candidates_require_review,0,0
osm:way:407590396,Olga's Kitchen,restaurant,guestinfo@olgaskitchen.com,public_business_contact_candidate,https://www.olgas.com/about-olgas-mediterranean-kitchen/,catalog_website_extraction,corporate_shared_inbox,contact_candidates_require_review,0,0
osm:node:1280307458,Olive Garden,restaurant,,,,,,manual_research_no_email,,
osm:node:12571129502,Ondo Bakery & Cafe,bakery,,,,,,website_fetch_blocked_or_failed,,
osm:node:4938377851,One Bowl,restaurant,,,,,,manual_research_no_email,,
osm:node:5018488433,Outback Steakhouse,restaurant,,,,,,manual_research_no_email,,
osm:way:340028220,P.F. Chang's,restaurant,,,,,,no_email_found_on_checked_pages,,
osm:node:13900140967,POKE FISH,restaurant,,,,,,no_email_found_on_checked_pages,,
osm:node:4787322482,Pacific Rim,restaurant,,,,,,no_email_found_on_checked_pages,,
osm:way:385619019,Paesano Restaurant - Wine Bar,restaurant,cateringpaesano@gmail.com,events_or_reservations,https://www.paesanoannarbor.com/,catalog_website_extraction,source_review_required,contact_candidates_require_review,0,0
osm:way:385619019,Paesano Restaurant - Wine Bar,restaurant,paesanobilling@gmail.com,public_business_contact_candidate,https://www.paesanoannarbor.com/,catalog_website_extraction,source_review_required,contact_candidates_require_review,0,0
osm:way:385619019,Paesano Restaurant - Wine Bar,restaurant,paesanogm@gmail.com,public_business_contact_candidate,https://www.paesanoannarbor.com/,catalog_website_extraction,source_review_required,contact_candidates_require_review,0,0
osm:node:11945514673,Palace Tang,restaurant,,,,,,manual_research_no_email,,
osm:node:2760098973,Palio,restaurant,,,,,,no_email_found_on_checked_pages,,
osm:way:457786053,Palm Palace,restaurant,,,,,,no_email_found_on_checked_pages,,
osm:node:4802256328,Pancheros Mexican Grill,restaurant,,,,,,manual_research_no_email,,
osm:node:4947845980,Pancheros Mexican Grill,restaurant,,,,,,no_email_found_on_checked_pages,,
osm:node:3074036038,Panda Express,fast_food,,,,,,website_fetch_blocked_or_failed,,
osm:way:1278920679,Panda Express,fast_food,,,,,,manual_research_no_email,,
osm:way:1288443649,Panda Express,fast_food,,,,,,website_fetch_blocked_or_failed,,
osm:node:3465693328,Panda House,restaurant,,,,,,website_fetch_blocked_or_failed,,
osm:node:8779519257,Panda Korean & Chinese Foods,restaurant,,,,,,manual_research_no_email,,
osm:node:2742771151,Panera Bread,fast_food,,,,,,website_fetch_blocked_or_failed,,
osm:node:3221989261,Panera Bread,fast_food,,,,,,website_fetch_blocked_or_failed,,
osm:node:5788925536,Panera Bread,fast_food,,,,,,website_fetch_blocked_or_failed,,
osm:way:1192583810,Panera Bread,fast_food,,,,,,website_fetch_blocked_or_failed,,
osm:node:12710859075,Pangong Tea,restaurant,,,,,,manual_research_no_email,,
osm:node:4396703026,Papa John's,fast_food,,,,,,manual_research_no_email,,
osm:node:748967871,Paris Bahn Mi,restaurant,,,,,,no_email_found_on_checked_pages,,
osm:way:1544903521,Pat's Tavern,bar,,,,,,no_email_found_on_checked_pages,,
osm:node:4787322483,Peridot,restaurant,info@peridota2.com,public_business_contact_candidate,https://www.peridota2.com/,catalog_website_extraction,source_review_required,contact_candidates_require_review,0,0
osm:node:4787322483,Peridot,restaurant,info@peridota2.com,public_business_contact_candidate,https://www.peridota2.com/about,catalog_website_extraction,source_review_required,contact_candidates_require_review,0,0
osm:node:4787322483,Peridot,restaurant,info@peridota2.com,public_business_contact_candidate,https://www.peridota2.com/contact,catalog_website_extraction,source_review_required,contact_candidates_require_review,0,0
osm:node:4438533906,Pilar's Coffeehouse,cafe,,,,,,manual_research_no_email,,
osm:node:4438533907,Pilar’s Tamales,restaurant,,,,,,no_email_found_on_checked_pages,,
osm:node:11940249840,Pinkberry,dessert,,,,,,manual_research_no_email,,
osm:way:1278920663,Pita Express,restaurant,kalebkasham@gmail.com,published_business_contact,https://thepitaexpress.com/places/ypsilanti,official_website,location_identity_review_required,contact_candidates_require_review,0,0
osm:node:748964467,Pita Kabob Grill,restaurant,,,,,,no_email_found_on_checked_pages,,
osm:node:13899768716,Pita King,restaurant,,,,,,no_email_found_on_checked_pages,,
osm:node:3407102034,Pizza Bob's,restaurant,izza.bobs.a2@gmail.com,public_business_contact_candidate,https://www.pizzabobs.net/,catalog_website_extraction,excluded_vendor_or_placeholder,contact_candidates_require_review,0,0
osm:node:3407102034,Pizza Bob's,restaurant,nathanpi@pizzabobs.net,public_business_contact_candidate,https://www.pizzabobs.net/,catalog_website_extraction,location_identity_review_required,contact_candidates_require_review,0,0
osm:node:3407102034,Pizza Bob's,restaurant,pizza.bobs.a2@gmail.com,public_business_contact_candidate,https://www.pizzabobs.net/about-us,catalog_website_extraction,source_review_required,contact_candidates_require_review,0,0
osm:node:4856507603,Pizza Cat Max,restaurant,,,,,,no_email_found_on_checked_pages,,
osm:node:11061643006,Pizza House,restaurant,,,,,,no_email_found_on_checked_pages,,
osm:node:5323881253,Pizza Pazza,restaurant,jeggnog@yahoo.com,public_business_contact_candidate,https://pizzapazzaa2.com/,catalog_website_extraction,source_review_required,contact_candidates_require_review,0,0
osm:node:5173655315,Plate Sushi & Chicken,restaurant,,,,,,no_email_found_on_checked_pages,,
osm:node:5293901739,Playa Bowls,fast_food,,,,,,no_email_found_on_checked_pages,,
osm:node:9099124100,Poke Poke Sushi Unrolled,restaurant,,,,,,no_email_found_on_checked_pages,,
osm:node:3215037795,Potbelly,fast_food,,,,,,manual_research_no_email,,
osm:node:3509365002,Potbelly,fast_food,,,,,,manual_research_no_email,,
osm:node:2742771145,Potbelly's Sandwich Shop,restaurant,,,,,,no_email_found_on_checked_pages,,
osm:node:4787322469,Pretzel Bell,restaurant,manager@thepretzelbell.com,public_business_contact_candidate,https://www.thepretzelbell.com/,catalog_website_extraction,source_review_required,contact_candidates_require_review,0,0
osm:node:13298659984,Q Bakehouse & Market,cafe,hello@qannarbor.com,public_business_contact_candidate,https://www.qannarbor.com/,catalog_website_extraction,source_review_required,contact_candidates_require_review,0,0
osm:node:13298659984,Q Bakehouse & Market,cafe,hello@qannarbor.com,public_business_contact_candidate,https://www.qannarbor.com/about,catalog_website_extraction,source_review_required,contact_candidates_require_review,0,0
osm:node:13298659984,Q Bakehouse & Market,cafe,hello@qannarbor.com,public_business_contact_candidate,https://www.qannarbor.com/contact,catalog_website_extraction,source_review_required,contact_candidates_require_review,0,0
osm:node:3465693327,Qahwah House Ann Arbor,cafe,coffee@qahwahhouse.com,public_business_contact_candidate,https://qahwahhouse.com/,catalog_website_extraction,corporate_shared_inbox,contact_candidates_require_review,0,0
osm:node:3465693327,Qahwah House Ann Arbor,cafe,coffee@qahwahhouse.com,public_business_contact_candidate,https://qahwahhouse.com/about-us,catalog_website_extraction,corporate_shared_inbox,contact_candidates_require_review,0,0
osm:node:3465693327,Qahwah House Ann Arbor,cafe,coffee@qahwahhouse.com,public_business_contact_candidate,https://qahwahhouse.com/contact-us,catalog_website_extraction,corporate_shared_inbox,contact_candidates_require_review,0,0
osm:node:3465693327,Qahwah House Ann Arbor,cafe,coffee@qahwahhouse.com,public_business_contact_candidate,https://qahwahhouse.com/locations,catalog_website_extraction,corporate_shared_inbox,contact_candidates_require_review,0,0
osm:node:12710853121,Qdoba,restaurant,,,,,,manual_research_no_email,,
osm:node:2035717141,Qdoba,fast_food,,,,,,no_email_found_on_checked_pages,,
osm:node:4802256331,Quickly,cafe,,,,,,manual_research_no_email,,
osm:node:13147598564,Raising Cane's,fast_food,,,,,,no_email_found_on_checked_pages,,
osm:node:13278314715,RamenYa,restaurant,,,,,,manual_research_no_email,,
osm:node:13276607054,Rappourt,bar,rappourt@gmail.com,public_business_contact_candidate,https://www.rappourt.com/,catalog_website_extraction,source_review_required,contact_candidates_require_review,0,0
osm:node:13276607054,Rappourt,bar,rappourt@gmail.com,public_business_contact_candidate,https://www.rappourt.com/about-1,catalog_website_extraction,source_review_required,contact_candidates_require_review,0,0
osm:node:13276607054,Rappourt,bar,rappourt@gmail.com,public_business_contact_candidate,https://www.rappourt.com/contact-1,catalog_website_extraction,source_review_required,contact_candidates_require_review,0,0
osm:way:460460311,Rawaq Cafe,cafe,rawaqcoffeellc@gmail.com,business_general,https://rawaqcoffee.com/contact/,official_website,published_contact_only,contact_candidates_require_review,0,0
osm:way:468944450,Ray's Red Hots,restaurant,,,,,,manual_research_no_email,,
osm:node:695043656,Real Seafood Company,restaurant,,,,,,no_email_found_on_checked_pages,,
osm:node:13298141033,Recess Work & Play Cafe,cafe,hello@recess.cafe,public_business_contact_candidate,https://www.recess.cafe/contact,catalog_website_extraction,source_review_required,contact_candidates_require_review,0,0
osm:node:4945806631,Red Hawk Bar and Grill,restaurant,,,,,,website_fetch_blocked_or_failed,,
osm:node:2041276586,Red Lobster,restaurant,,,,,,manual_research_no_email,,
osm:way:288233309,Red Robin,restaurant,,,,,,manual_research_no_email,,
osm:way:295271242,Red Robin,restaurant,,,,,,website_fetch_blocked_or_failed,,
osm:node:4792172899,Revive,restaurant,,,,,,manual_research_no_email,,
osm:node:11619324038,Ricewood,restaurant,catering@ricewoodbbq.com,events_or_reservations,https://ricewoodbbq.com/contact/,catalog_website_extraction,source_review_required,contact_candidates_require_review,0,0
osm:node:13877580401,Ricewood,restaurant,catering@ricewoodbbq.com,events_or_reservations,https://ricewoodbbq.com/contact/,catalog_website_extraction,source_review_required,contact_candidates_require_review,0,0
osm:node:4908018724,Rich J C,restaurant,,,,,,manual_research_no_email,,
osm:node:4794248902,Rick's American Cafe,bar,,,,,,no_email_found_on_checked_pages,,
osm:node:13550897515,Rocket Fizz,dessert,info@rocketfizz.com,public_business_contact_candidate,https://rocketfizz.com/about-rocket-fizz/,catalog_website_extraction,corporate_shared_inbox,contact_candidates_require_review,0,0
osm:node:13550897515,Rocket Fizz,dessert,rocketfizzaa@gmail.com,public_business_contact_candidate,https://rocketfizz.com/locations/arbor-mi/,catalog_website_extraction,source_review_required,contact_candidates_require_review,0,0
osm:node:4781784135,Rod's Diner,restaurant,,,,,,manual_research_no_email,,
osm:node:3218362650,Roos Roast,cafe,people@roosroast.com,business_general_and_catering,https://www.roosroast.com/pages/contact,official_website,corporate_shared_inbox,contact_candidates_require_review,0,0
osm:node:4848486388,RoosRoast Coffee,cafe,people@roosroast.com,business_general_and_catering,https://www.roosroast.com/pages/contact,official_website,corporate_shared_inbox,contact_candidates_require_review,0,0
osm:node:3064334653,Sadako,restaurant,,,,,,no_email_found_on_checked_pages,,
osm:node:3064374713,Saica,restaurant,saicaus@gmail.com,public_business_contact_candidate,https://saicarestaurant.com/,catalog_website_extraction,source_review_required,contact_candidates_require_review,0,0
osm:node:9092417186,Saigon Kitchen & Bar,restaurant,tastekitchena2@gmail.com,public_business_contact_candidate,https://www.saigona2.com/,catalog_website_extraction,location_identity_review_required,contact_candidates_require_review,0,0
osm:node:9092417186,Saigon Kitchen & Bar,restaurant,tastekitchena2@gmail.com,public_business_contact_candidate,https://www.saigona2.com/contact-us,catalog_website_extraction,location_identity_review_required,contact_candidates_require_review,0,0
osm:node:5788925521,Satchel's BBQ,restaurant,hugh@satchelsbbq.com,public_business_contact_candidate,https://www.satchelsbbq.com/,catalog_website_extraction,source_review_required,contact_candidates_require_review,0,0
osm:node:5788925521,Satchel's BBQ,restaurant,hugh@satchelsbbq.com,public_business_contact_candidate,https://www.satchelsbbq.com/about-us,catalog_website_extraction,source_review_required,contact_candidates_require_review,0,0
osm:node:5788925521,Satchel's BBQ,restaurant,hugh@satchelsbbq.com,public_business_contact_candidate,https://www.satchelsbbq.com/contact,catalog_website_extraction,source_review_required,contact_candidates_require_review,0,0
osm:node:5788925521,Satchel's BBQ,restaurant,hugh@satchelsbbq.com,public_business_contact_candidate,https://www.satchelsbbq.com/satchels-on-washtenaw,catalog_website_extraction,source_review_required,contact_candidates_require_review,0,0
osm:node:2742714786,Sava's,restaurant,events@savasannarbor.com,events_or_reservations,https://www.savasannarbor.com/contact,catalog_website_extraction,source_review_required,contact_candidates_require_review,0,0
osm:node:2742714786,Sava's,restaurant,info@savasannarbor.com,public_business_contact_candidate,https://www.savasannarbor.com/,catalog_website_extraction,source_review_required,contact_candidates_require_review,0,0
osm:node:2742714786,Sava's,restaurant,info@savasannarbor.com,public_business_contact_candidate,https://www.savasannarbor.com/about,catalog_website_extraction,source_review_required,contact_candidates_require_review,0,0
osm:node:2742714786,Sava's,restaurant,info@savasannarbor.com,public_business_contact_candidate,https://www.savasannarbor.com/contact,catalog_website_extraction,source_review_required,contact_candidates_require_review,0,0
osm:node:2742714786,Sava's,restaurant,marketing@thepulpogroup.com,media_or_marketing,https://www.savasannarbor.com/,catalog_website_extraction,corporate_shared_inbox,contact_candidates_require_review,0,0
osm:node:2742714786,Sava's,restaurant,marketing@thepulpogroup.com,media_or_marketing,https://www.savasannarbor.com/about,catalog_website_extraction,corporate_shared_inbox,contact_candidates_require_review,0,0
osm:node:2742714786,Sava's,restaurant,marketing@thepulpogroup.com,media_or_marketing,https://www.savasannarbor.com/contact,catalog_website_extraction,corporate_shared_inbox,contact_candidates_require_review,0,0
osm:node:2742714786,Sava's,restaurant,reservations@savasannarbor.com,events_or_reservations,https://www.savasannarbor.com/contact,catalog_website_extraction,source_review_required,contact_candidates_require_review,0,0
osm:node:2887795514,Scorekeepers,bar,scorekeepers@gmail.com,public_business_contact_candidate,http://scorekeepersa2.com/,catalog_website_extraction,source_review_required,contact_candidates_require_review,0,0
osm:node:2887795514,Scorekeepers,bar,scorekeepers@gmail.com,public_business_contact_candidate,http://scorekeepersa2.com/about-us/,catalog_website_extraction,source_review_required,contact_candidates_require_review,0,0
osm:way:339688811,Seoul Garden,restaurant,,,,,,no_email_found_on_checked_pages,,
osm:node:4395585357,Seva,restaurant,filler@godaddy.com,public_business_contact_candidate,https://sevarestaurant.com/ann-arbor-1,catalog_website_extraction,excluded_vendor_or_placeholder,contact_candidates_require_review,0,0
osm:node:4395585357,Seva,restaurant,filler@godaddy.com,public_business_contact_candidate,https://sevarestaurant.com/contact-seva,catalog_website_extraction,excluded_vendor_or_placeholder,contact_candidates_require_review,0,0
osm:node:4395585357,Seva,restaurant,info.annarbor@sevarestaurant.com,public_business_contact_candidate,https://sevarestaurant.com/ann-arbor-1,catalog_website_extraction,source_review_required,contact_candidates_require_review,0,0
osm:node:4395585357,Seva,restaurant,info.annarbor@sevarestaurant.com,public_business_contact_candidate,https://sevarestaurant.com/contact-seva,catalog_website_extraction,source_review_required,contact_candidates_require_review,0,0
osm:node:8910644462,Shake Shack,fast_food,,,,,,manual_research_no_email,,
osm:node:2760098967,Shalimar,restaurant,annarbor.shalimar@gmail.com,public_business_contact_candidate,https://www.shalimarrestaurant.com/,catalog_website_extraction,source_review_required,contact_candidates_require_review,0,0
osm:node:2760098967,Shalimar,restaurant,annarbor.shalimar@gmail.com,public_business_contact_candidate,https://www.shalimarrestaurant.com/about/,catalog_website_extraction,source_review_required,contact_candidates_require_review,0,0
osm:node:2760098967,Shalimar,restaurant,annarbor.shalimar@gmail.com,public_business_contact_candidate,https://www.shalimarrestaurant.com/contact/,catalog_website_extraction,source_review_required,contact_candidates_require_review,0,0
osm:node:2760098967,Shalimar,restaurant,shalimaraa@outlook.com,public_business_contact_candidate,https://www.shalimarrestaurant.com/,catalog_website_extraction,location_identity_review_required,contact_candidates_require_review,0,0
osm:node:2760098967,Shalimar,restaurant,shalimaraa@outlook.com,public_business_contact_candidate,https://www.shalimarrestaurant.com/about/,catalog_website_extraction,location_identity_review_required,contact_candidates_require_review,0,0
osm:node:2760098967,Shalimar,restaurant,shalimaraa@outlook.com,public_business_contact_candidate,https://www.shalimarrestaurant.com/contact/,catalog_website_extraction,location_identity_review_required,contact_candidates_require_review,0,0
osm:node:2874423483,Sharetea,cafe,service@1992sharetea.com,public_business_contact_candidate,https://www.1992sharetea.com/,catalog_website_extraction,corporate_shared_inbox,contact_candidates_require_review,0,0
osm:node:2874423483,Sharetea,cafe,service@1992sharetea.com,public_business_contact_candidate,https://www.1992sharetea.com/about-us,catalog_website_extraction,corporate_shared_inbox,contact_candidates_require_review,0,0
osm:node:2874423483,Sharetea,cafe,service@1992sharetea.com,public_business_contact_candidate,https://www.1992sharetea.com/franchise,catalog_website_extraction,corporate_shared_inbox,contact_candidates_require_review,0,0
osm:node:8775043747,Shawarma Shop,restaurant,,,,,,manual_research_no_email,,
osm:node:12588785338,Siam Square,restaurant,,,,,,no_email_found_on_checked_pages,,
osm:node:1586565778,Siam Square,restaurant,,,,,,manual_research_no_email,,
osm:node:9014708210,Side Biscuit,restaurant,,,,,,no_email_found_on_checked_pages,,
osm:way:1278920644,Sip Coffee Cafe,cafe,,,,,,manual_research_no_email,,
osm:node:6190446525,Slows Bar BQ,restaurant,manager@slowsannarbor.com,public_business_contact_candidate,https://slowsannarbor.com/,catalog_website_extraction,source_review_required,contact_candidates_require_review,0,0
osm:node:2874452534,Slurping Turtle,restaurant,events@slurpingturtle.com,events_or_reservations,http://slurpingturtle.com/annarbor,catalog_website_extraction,source_review_required,contact_candidates_require_review,0,0
osm:node:2874452534,Slurping Turtle,restaurant,info@slurpingturtle.com,public_business_contact_candidate,http://slurpingturtle.com/annarbor,catalog_website_extraction,source_review_required,contact_candidates_require_review,0,0
osm:way:756106889,Smoothie King,fast_food,,,,,,manual_research_no_email,,
osm:node:8779519248,Socotra Coffee House,cafe,,,,,,manual_research_no_email,,
osm:node:12636388315,Songbird Café,cafe,thesongbirdcafe@gmail.com,public_business_contact_candidate,https://www.thesongbirdcafeannarbor.com/contact-us,catalog_website_extraction,source_review_required,contact_candidates_require_review,0,0
osm:node:12636388315,Songbird Café,cafe,thesongbirdcafe@gmail.com,public_business_contact_candidate,https://www.thesongbirdcafeannarbor.com/northside,catalog_website_extraction,source_review_required,contact_candidates_require_review,0,0
osm:node:4935570666,Sottini's Sub Shop,fast_food,,,,,,no_email_found_on_checked_pages,,
osm:node:11982505591,South Quad Dining Hall,restaurant,,,,,,website_fetch_blocked_or_failed,,
osm:node:12545051768,Spencer,restaurant,reservations@spencerannarbor.com,events_or_reservations,https://www.spencerannarbor.com/,catalog_website_extraction,source_review_required,contact_candidates_require_review,0,0
osm:node:12545051768,Spencer,restaurant,reservations@spencerannarbor.com,events_or_reservations,https://www.spencerannarbor.com/location,catalog_website_extraction,source_review_required,contact_candidates_require_review,0,0
osm:way:453625321,Spiedo,restaurant,yes@spiedoa2.com,public_business_contact_candidate,https://www.spiedoa2.com/,catalog_website_extraction,source_review_required,contact_candidates_require_review,0,0
osm:node:2742714779,Starbucks,cafe,,,,,,website_fetch_blocked_or_failed,,
osm:node:2758425284,Starbucks,cafe,,,,,,website_fetch_blocked_or_failed,,
osm:node:3780117264,Starbucks,cafe,,,,,,website_fetch_blocked_or_failed,,
osm:node:541900696,Starbucks,cafe,,,,,,website_fetch_blocked_or_failed,,
osm:node:9547980222,Starbucks,cafe,,,,,,website_fetch_blocked_or_failed,,
osm:way:549854176,Starbucks,cafe,,,,,,website_fetch_blocked_or_failed,,
osm:way:93681661,Starbucks,cafe,,,,,,website_fetch_blocked_or_failed,,
osm:node:7009807552,Star’s Cafe,restaurant,info@starscafeannarbor.com,public_business_contact_candidate,https://www.starscafeannarbor.com/,catalog_website_extraction,source_review_required,contact_candidates_require_review,0,0
osm:way:314324596,Steak 'n Shake,fast_food,,,,,,no_email_found_on_checked_pages,,
osm:node:4842861417,Stray Hen Cafe,cafe,,,,,,no_email_found_on_checked_pages,,
osm:node:13959029774,Strider Coffee Stop,cafe,,,,,,manual_research_no_email,,
osm:node:12152091522,Subway,fast_food,,,,,,manual_research_no_email,,
osm:node:3129643013,Subway,fast_food,,,,,,no_email_found_on_checked_pages,,
osm:node:3874139685,Subway,fast_food,,,,,,no_email_found_on_checked_pages,,
osm:node:4764017793,Subway,fast_food,,,,,,no_email_found_on_checked_pages,,
osm:node:4856507602,Subway,fast_food,,,,,,no_email_found_on_checked_pages,,
osm:node:5262813316,Subway,fast_food,,,,,,no_email_found_on_checked_pages,,
osm:node:5810085885,Subway,fast_food,,,,,,no_email_found_on_checked_pages,,
osm:node:6882065682,Subway,fast_food,,,,,,no_email_found_on_checked_pages,,
osm:way:441362667,Subway,fast_food,,,,,,no_email_found_on_checked_pages,,
osm:node:6882065683,Sushi Dabu,restaurant,,,,,,no_email_found_on_checked_pages,,
osm:way:1278920705,SweetING,cafe,sweetingbriarwood@gmail.com,location_business,https://www.sweetingteas.com/order854-briarwood-cir/,official_website,published_contact_only,contact_candidates_require_review,0,0
osm:node:2742714806,Sweetgreen,fast_food,,,,,,no_email_found_on_checked_pages,,
osm:node:3908803756,Sweetgreen,fast_food,hello@sweetgreen.com,corporate_support,https://www.sweetgreen.com/terms,official_website,corporate_shared_inbox,contact_candidates_require_review,0,0
osm:node:8350684368,Sweetwater's Coffee & Tea,cafe,,,,,,no_email_found_on_checked_pages,,
osm:node:4787322480,Sweetwaters,cafe,,,,,,no_email_found_on_checked_pages,,
osm:node:5446624865,Sweetwaters,cafe,,,,,,manual_research_no_email,,
osm:node:11101910991,Sweetwaters,cafe,info@sweetwaterscafe.com,corporate,https://www.sweetwaterscafe.com/privacy-policy/,official_website,corporate_shared_inbox,contact_candidates_require_review,0,0
osm:node:10942330076,Sweetwaters Coffee & Tea,cafe,,,,,,no_email_found_on_checked_pages,,
osm:node:5260245716,Sweetwaters Coffee & Tea,cafe,,,,,,no_email_found_on_checked_pages,,
osm:node:2623064649,Sweetwaters Coffee & Tea,cafe,info@sweetwaterscafe.com,corporate,https://www.sweetwaterscafe.com/privacy-policy/,official_website,corporate_shared_inbox,contact_candidates_require_review,0,0
osm:node:9018638843,TAQ Taqueria Restaurant & Bar,restaurant,,,,,,no_email_found_on_checked_pages,,
osm:node:6221144287,TK WU,restaurant,,,,,,no_email_found_on_checked_pages,,
osm:node:12161946101,TOUS les JOURS,bakery,,,,,,no_email_found_on_checked_pages,,
osm:way:298602520,Taco Bell,fast_food,,,,,,manual_research_no_email,,
osm:way:367316356,Taco Bell,fast_food,,,,,,website_fetch_blocked_or_failed,,
osm:way:400424305,Taco Bell,fast_food,,,,,,no_email_found_on_checked_pages,,
osm:way:441287594,Taco King,restaurant,,,,,,website_fetch_blocked_or_failed,,
osm:node:2344584614,Taste of India Suvai,restaurant,suvai217@gmail.com,public_business_contact_candidate,https://tasteofindiasuvai.com/,catalog_website_extraction,source_review_required,contact_candidates_require_review,0,0
osm:node:2344584614,Taste of India Suvai,restaurant,suvai217@gmail.com,public_business_contact_candidate,https://tasteofindiasuvai.com/about-us/,catalog_website_extraction,source_review_required,contact_candidates_require_review,0,0
osm:node:2344584614,Taste of India Suvai,restaurant,suvai217@gmail.com,public_business_contact_candidate,https://tasteofindiasuvai.com/contact-us/,catalog_website_extraction,source_review_required,contact_candidates_require_review,0,0
osm:node:5000345073,Tasty Bakery,bakery,julie@tastysansgluten.com,public_business_contact_candidate,https://www.tastysansgluten.com/,catalog_website_extraction,source_review_required,contact_candidates_require_review,0,0
osm:node:5000345073,Tasty Bakery,bakery,julie@tastysansgluten.com,public_business_contact_candidate,https://www.tastysansgluten.com/about-us,catalog_website_extraction,source_review_required,contact_candidates_require_review,0,0
osm:node:5000345073,Tasty Bakery,bakery,julie@tastysansgluten.com,public_business_contact_candidate,https://www.tastysansgluten.com/contact-us,catalog_website_extraction,source_review_required,contact_candidates_require_review,0,0
osm:node:5000345073,Tasty Bakery,bakery,ran@tastysansgluten.com,public_business_contact_candidate,https://www.tastysansgluten.com/,catalog_website_extraction,source_review_required,contact_candidates_require_review,0,0
osm:node:5000345073,Tasty Bakery,bakery,ran@tastysansgluten.com,public_business_contact_candidate,https://www.tastysansgluten.com/about-us,catalog_website_extraction,source_review_required,contact_candidates_require_review,0,0
osm:node:5000345073,Tasty Bakery,bakery,ran@tastysansgluten.com,public_business_contact_candidate,https://www.tastysansgluten.com/contact-us,catalog_website_extraction,source_review_required,contact_candidates_require_review,0,0
osm:node:14042736798,Taystee's Burger,fast_food,,,,,,no_email_found_on_checked_pages,,
osm:node:5446624871,Tea Ninja,cafe,,,,,,no_email_found_on_checked_pages,,
osm:node:4997286409,TeaHaus,cafe,events@teahaus.com,events_or_reservations,https://teahaus.com/pages/visit-us-and-contact-information,catalog_website_extraction,source_review_required,contact_candidates_require_review,0,0
osm:node:4997286409,TeaHaus,cafe,events@teahaus.com,events_or_reservations,https://teahaus.com/pages/visit-us-in-ann-arbor,catalog_website_extraction,source_review_required,contact_candidates_require_review,0,0
osm:node:4997286409,TeaHaus,cafe,lisa@teahaus.com,public_business_contact_candidate,https://teahaus.com/pages/visit-us-and-contact-information,catalog_website_extraction,source_review_required,contact_candidates_require_review,0,0
osm:node:4997286409,TeaHaus,cafe,lisa@teahaus.com,public_business_contact_candidate,https://teahaus.com/pages/visit-us-in-ann-arbor,catalog_website_extraction,source_review_required,contact_candidates_require_review,0,0
osm:node:4997286409,TeaHaus,cafe,orders@teahaus.com,public_business_contact_candidate,https://teahaus.com/pages/visit-us-and-contact-information,catalog_website_extraction,source_review_required,contact_candidates_require_review,0,0
osm:node:4997286409,TeaHaus,cafe,orders@teahaus.com,public_business_contact_candidate,https://teahaus.com/pages/visit-us-in-ann-arbor,catalog_website_extraction,source_review_required,contact_candidates_require_review,0,0
osm:way:549989961,Texas Roadhouse,restaurant,,,,,,no_email_found_on_checked_pages,,
osm:way:340028219,Texas de Brazil,restaurant,customerrelations@texasdebrazil.com,public_business_contact_candidate,https://texasdebrazil.com/contact/,catalog_website_extraction,corporate_shared_inbox,contact_candidates_require_review,0,0
osm:node:5323881251,Thai Spoon,restaurant,,,,,,no_email_found_on_checked_pages,,
osm:node:2760098974,The Black Pearl,restaurant,info@blackpearlannarbor.com,public_business_contact_candidate,https://www.blackpearlannarbor.com/,catalog_website_extraction,source_review_required,contact_candidates_require_review,0,0
osm:node:2760098974,The Black Pearl,restaurant,info@blackpearlannarbor.com,public_business_contact_candidate,https://www.blackpearlannarbor.com/about,catalog_website_extraction,source_review_required,contact_candidates_require_review,0,0
osm:node:2760098974,The Black Pearl,restaurant,info@blackpearlannarbor.com,public_business_contact_candidate,https://www.blackpearlannarbor.com/contact-us,catalog_website_extraction,source_review_required,contact_candidates_require_review,0,0
osm:node:9654398264,The Blind Pig / 8 Ball Saloon,bar,info@ticketweb.com,public_business_contact_candidate,https://blindpigmusic.com/accessibility/,catalog_website_extraction,excluded_vendor_or_placeholder,contact_candidates_require_review,0,0
osm:node:9654398264,The Blind Pig / 8 Ball Saloon,bar,jason@goodshowlive.com,public_business_contact_candidate,https://blindpigmusic.com/contact/,catalog_website_extraction,location_identity_review_required,contact_candidates_require_review,0,0
osm:node:9654398264,The Blind Pig / 8 Ball Saloon,bar,kylegordon@insidersexperiences.com,public_business_contact_candidate,https://blindpigmusic.com/calendar/,catalog_website_extraction,excluded_vendor_or_placeholder,contact_candidates_require_review,0,0
osm:node:4802256327,The Brown Jug,bar,,,,,,no_email_found_on_checked_pages,,
osm:node:4854332819,The Chop House,restaurant,gmchophousegr@msventures.net,public_business_contact_candidate,https://thechophouserestaurant.com,catalog_website_extraction,excluded_other_location,contact_candidates_require_review,0,0
osm:node:4854332819,The Chop House,restaurant,gmchophousegr@msventures.net,public_business_contact_candidate,https://thechophouserestaurant.com/,catalog_website_extraction,excluded_other_location,contact_candidates_require_review,0,0
osm:node:4854332819,The Chop House,restaurant,gmchophousetoledo@msventures.net,public_business_contact_candidate,https://thechophouserestaurant.com,catalog_website_extraction,excluded_other_location,contact_candidates_require_review,0,0
osm:node:4854332819,The Chop House,restaurant,gmchophousetoledo@msventures.net,public_business_contact_candidate,https://thechophouserestaurant.com/,catalog_website_extraction,excluded_other_location,contact_candidates_require_review,0,0
osm:node:4854332819,The Chop House,restaurant,xgudejko@msventures.net,public_business_contact_candidate,https://thechophouserestaurant.com,catalog_website_extraction,source_review_required,contact_candidates_require_review,0,0
osm:node:4854332819,The Chop House,restaurant,xgudejko@msventures.net,public_business_contact_candidate,https://thechophouserestaurant.com/,catalog_website_extraction,source_review_required,contact_candidates_require_review,0,0
osm:node:6001436187,The Drip House,cafe,,,,,,manual_research_no_email,,
osm:node:2344584598,The Earle,restaurant,downtown@theearle.com,public_business_contact_candidate,https://www.theearle.com/,catalog_website_extraction,source_review_required,contact_candidates_require_review,0,0
osm:node:2344584598,The Earle,restaurant,downtown@theearle.com,public_business_contact_candidate,https://www.theearle.com/contactus,catalog_website_extraction,source_review_required,contact_candidates_require_review,0,0
osm:node:2344584598,The Earle,restaurant,downtown@theearle.com,public_business_contact_candidate,https://www.theearle.com/location,catalog_website_extraction,source_review_required,contact_candidates_require_review,0,0
osm:node:11061643005,The Garage Bar,bar,,,,,,no_email_found_on_checked_pages,,
osm:way:1288443651,The Great Greek,fast_food,,,,,,manual_research_no_email,,
osm:node:5446624862,The Grotto - Watering Hole,bar,,,,,,manual_research_no_email,,
osm:way:329397130,The Hen on the Fly,restaurant,hello@theheneats.com,public_business_contact_candidate,https://www.theheneats.com/locations/hen-on-the-fly,catalog_website_extraction,source_review_required,contact_candidates_require_review,0,0
osm:way:329397130,The Hen on the Fly,restaurant,hello@theheneats.com,public_business_contact_candidate,https://www.theheneats.com/locations/the-hen-ann-arbor,catalog_website_extraction,source_review_required,contact_candidates_require_review,0,0
osm:way:329397130,The Hen on the Fly,restaurant,hello@theheneats.com,public_business_contact_candidate,https://www.theheneats.com/locations/the-hen-at-valor,catalog_website_extraction,source_review_required,contact_candidates_require_review,0,0
osm:node:4787322476,The Hidden King,cafe,,,,,,manual_research_no_email,,
osm:node:2760098970,The Jagged Fork,restaurant,,,,,,no_email_found_on_checked_pages,,
osm:node:4675478273,The Jefferson Market,cafe,jefferson@thejeffersonmarket.com,public_business_contact_candidate,https://www.thejeffersonmarket.com/,catalog_website_extraction,source_review_required,contact_candidates_require_review,0,0
osm:node:7015913462,The Last Word,bar,info@thelastword.com,public_business_contact_candidate,https://thelastword.com/about,catalog_website_extraction,source_review_required,contact_candidates_require_review,0,0
osm:node:4934264074,The Little Store,restaurant,,,,,,manual_research_no_email,,
osm:node:6988552360,The Lunch Room Bakery & Cafe,restaurant,thelunchrooma2@gmail.com,public_business_contact_candidate,https://thelunchrooma2.com/contact-1,catalog_website_extraction,source_review_required,contact_candidates_require_review,0,0
osm:node:6988552360,The Lunch Room Bakery & Cafe,restaurant,thelunchroombakery@gmail.com,public_business_contact_candidate,https://thelunchrooma2.com/bakery-cafe,catalog_website_extraction,source_review_required,contact_candidates_require_review,0,0
osm:node:2344584607,The Ravens Club,restaurant,,,,,,no_email_found_on_checked_pages,,
osm:way:445952981,The Session Room,restaurant,info@sessionrooma2.com,general_business_unconfirmed,https://nextdoor.com/pages/session-room-ann-arbor-mi/,third_party,location_identity_review_required,contact_candidates_require_review,0,0
osm:node:14106120636,The Stubborn Brother,restaurant,,,,,,manual_research_no_email,,
osm:node:4787322484,The West End Grill,restaurant,gm.westendgrill@gmail.com,public_business_contact_candidate,https://www.westendgrillannarbor.com/,catalog_website_extraction,source_review_required,contact_candidates_require_review,0,0
osm:node:2887264864,Tianchu Restaurant,restaurant,,,,,,no_email_found_on_checked_pages,,
osm:node:8441975838,Tim Hortons,cafe,,,,,,manual_research_no_email,,
osm:way:404172516,Tim Hortons,cafe,,,,,,manual_research_no_email,,
osm:node:1023694336,Tios Mexican Cafe,restaurant,info@tiosmexicancafe.com,public_business_contact_candidate,https://tiosa2.com/,catalog_website_extraction,source_review_required,contact_candidates_require_review,0,0
osm:node:1023694336,Tios Mexican Cafe,restaurant,info@tiosmexicancafe.com,public_business_contact_candidate,https://tiosa2.com/about,catalog_website_extraction,source_review_required,contact_candidates_require_review,0,0
osm:node:1023694336,Tios Mexican Cafe,restaurant,info@tiosmexicancafe.com,public_business_contact_candidate,https://tiosa2.com/contact,catalog_website_extraction,source_review_required,contact_candidates_require_review,0,0
osm:node:8777944621,Tmaz Taqueria,fast_food,,,,,,website_fetch_blocked_or_failed,,
osm:node:5884219888,Tmaz Taqueria Dexter,fast_food,tacosasada@yahoo.com,general_business,https://sites.google.com/ebonyiris.com/tmaztaqueria/contact-us,official_website,corporate_shared_inbox,contact_candidates_require_review,0,0
osm:way:502195824,Toarmina's Pizza,fast_food,,,,,,no_email_found_on_checked_pages,,
osm:node:2742714802,Tomukun Korean BBQ / Noodle Bar,restaurant,management@tomukun.com,public_business_contact_candidate,https://www.tomukun.com/,catalog_website_extraction,source_review_required,contact_candidates_require_review,0,0
osm:node:2742714802,Tomukun Korean BBQ / Noodle Bar,restaurant,management@tomukun.com,public_business_contact_candidate,https://www.tomukun.com/about,catalog_website_extraction,source_review_required,contact_candidates_require_review,0,0
osm:node:2742714802,Tomukun Korean BBQ / Noodle Bar,restaurant,management@tomukun.com,public_business_contact_candidate,https://www.tomukun.com/contact,catalog_website_extraction,source_review_required,contact_candidates_require_review,0,0
osm:node:11940249838,Totally Tea,cafe,,,,,,manual_research_no_email,,
osm:node:2344584615,Totoro Sushi,restaurant,,,,,,no_email_found_on_checked_pages,,
osm:node:12588581871,Tropical Smoothie Cafe,fast_food,,,,,,manual_research_no_email,,
osm:node:5446624868,Tropical Smoothie Cafe,fast_food,,,,,,no_email_found_on_checked_pages,,
osm:node:9730722536,Tropical Smoothie Cafe,fast_food,,,,,,no_email_found_on_checked_pages,,
osm:node:4837097556,Turkish Village Cafe,cafe,,,,,,no_email_found_on_checked_pages,,
osm:way:977467874,Twigs,fast_food,,,,,,website_fetch_blocked_or_failed,,
osm:node:5000907324,Two Songs Bakery & Cafe,cafe,,,,,,manual_research_no_email,,
osm:node:13287878030,UMMA Cafe,cafe,,,,,,website_fetch_blocked_or_failed,,
osm:node:5260245717,Umi Sushi,restaurant,,,,,,no_email_found_on_checked_pages,,
osm:node:2887795516,UniTea,cafe,,,,,,manual_research_no_email,,
osm:node:10268450829,Union Rec,restaurant,info@unionrec.com,public_business_contact_candidate,https://www.unionrec.com/,catalog_website_extraction,source_review_required,contact_candidates_require_review,0,0
osm:node:13766745801,Uplift,bar,drag@upliftannarbor.com,public_business_contact_candidate,https://www.upliftannarbor.com/,catalog_website_extraction,source_review_required,contact_candidates_require_review,0,0
osm:node:13766745801,Uplift,bar,events@upliftannarbor.com,events_or_reservations,https://www.upliftannarbor.com/,catalog_website_extraction,source_review_required,contact_candidates_require_review,0,0
osm:node:13766745801,Uplift,bar,hiring@upliftannarbor.com,hiring,https://www.upliftannarbor.com/,catalog_website_extraction,source_review_required,contact_candidates_require_review,0,0
osm:node:13766745801,Uplift,bar,team@upliftannarbor.com,public_business_contact_candidate,https://www.upliftannarbor.com/,catalog_website_extraction,source_review_required,contact_candidates_require_review,0,0
osm:node:14047313124,Uptown Coney Island,restaurant,cboutsik@gmail.com,public_business_contact_candidate,https://uptownconey.com/,catalog_website_extraction,source_review_required,contact_candidates_require_review,0,0
osm:node:14047313124,Uptown Coney Island,restaurant,cboutsik@gmail.com,public_business_contact_candidate,https://uptownconey.com/ann-arbor,catalog_website_extraction,source_review_required,contact_candidates_require_review,0,0
osm:way:328499868,Venue by 4M,restaurant,hello@experience4m.com,public_business_contact_candidate,https://www.experience4m.com/,catalog_website_extraction,source_review_required,contact_candidates_require_review,0,0
osm:way:328499868,Venue by 4M,restaurant,hello@experience4m.com,public_business_contact_candidate,https://www.experience4m.com/contact/,catalog_website_extraction,source_review_required,contact_candidates_require_review,0,0
osm:way:328499868,Venue by 4M,restaurant,hello@experience4m.com,public_business_contact_candidate,https://www.experience4m.com/location/venue-4m/,catalog_website_extraction,source_review_required,contact_candidates_require_review,0,0
osm:node:4908016618,Vertex Coffee Roasters,cafe,kara@vertex-coffee.com,public_business_contact_candidate,https://www.vertex-coffee.com/contact,catalog_website_extraction,source_review_required,contact_candidates_require_review,0,0
osm:node:3065610484,Victors,cafe,,,,,,manual_research_no_email,,
osm:node:3462220409,Village Kitchen,restaurant,,,,,,no_email_found_on_checked_pages,,
osm:node:4919630435,Vinology,restaurant,,,,,,no_email_found_on_checked_pages,,
osm:node:5876689815,Weber's Restaurant,restaurant,restaurant@webersannarbor.com,public_business_contact_candidate,https://www.webersrestaurant.com/contact-hours/,catalog_website_extraction,source_review_required,contact_candidates_require_review,0,0
osm:way:339695055,Wendy's,fast_food,,,,,,no_email_found_on_checked_pages,,
osm:way:617817210,Wendy's,fast_food,,,,,,no_email_found_on_checked_pages,,
osm:way:348030727,White Castle,fast_food,loyalsup@whitecastle.com,corporate_loyalty_support,https://whitecastle.com/rewards/,official_website,corporate_shared_inbox,contact_candidates_require_review,0,0
osm:node:13900013387,Wingstop,fast_food,,,,,,no_email_found_on_checked_pages,,
osm:node:4406265250,Wolverine State Brewing Co.,bar,,,,,,no_email_found_on_checked_pages,,
osm:node:14100073670,Wolverine Village Dining Hall,fast_food,,,,,,manual_research_no_email,,
osm:node:11816965075,YORK Food & Drink,cafe,ethan.kaplan@morganandyork.com,public_business_contact_candidate,https://www.yorka2.com/,catalog_website_extraction,source_review_required,contact_candidates_require_review,0,0
osm:node:11816965075,YORK Food & Drink,cafe,ethan.kaplan@morganandyork.com,public_business_contact_candidate,https://www.yorka2.com/contact,catalog_website_extraction,source_review_required,contact_candidates_require_review,0,0
osm:node:11816965075,YORK Food & Drink,cafe,ethan.kaplan@morganandyork.com,public_business_contact_candidate,https://www.yorka2.com/our-story,catalog_website_extraction,source_review_required,contact_candidates_require_review,0,0
osm:node:11816965075,YORK Food & Drink,cafe,info@yorka2.com,public_business_contact_candidate,https://www.yorka2.com/,catalog_website_extraction,source_review_required,contact_candidates_require_review,0,0
osm:node:11816965075,YORK Food & Drink,cafe,info@yorka2.com,public_business_contact_candidate,https://www.yorka2.com/contact,catalog_website_extraction,source_review_required,contact_candidates_require_review,0,0
osm:node:11816965075,YORK Food & Drink,cafe,info@yorka2.com,public_business_contact_candidate,https://www.yorka2.com/our-story,catalog_website_extraction,source_review_required,contact_candidates_require_review,0,0
osm:way:93830842,Yee Siang Dumplings,restaurant,,,,,,no_email_found_on_checked_pages,,
osm:node:2874423482,Yogurt Rush,cafe,,,,,,website_fetch_blocked_or_failed,,
osm:node:11945643439,Yoon's Bakery,bakery,,,,,,no_email_found_on_checked_pages,,
osm:node:2758425149,Yotsuba,restaurant,contactus@yotsuba-restaurant.com,public_business_contact_candidate,https://yotsuba-restaurant.com/contact/,catalog_website_extraction,source_review_required,contact_candidates_require_review,0,0
osm:node:2758425149,Yotsuba,restaurant,yotsuba48105@gmail.com,public_business_contact_candidate,https://yotsuba-restaurant.com/contact/,catalog_website_extraction,location_identity_review_required,contact_candidates_require_review,0,0
osm:node:5367233598,Zamaan Cafe,restaurant,,,,,,manual_research_no_email,,
osm:node:28991808,Zingerman's Bakehouse,bakery,bhweb@zingermans.com,public_business_contact_candidate,https://www.zingermansbakehouse.com/contact/,catalog_website_extraction,source_review_required,contact_candidates_require_review,0,0
osm:node:4029305342,Zingerman's Coffee Company,cafe,email@zingermans.com,public_business_contact_candidate,https://www.zingermanscoffee.com/about-us/,catalog_website_extraction,source_review_required,contact_candidates_require_review,0,0
osm:node:4029305342,Zingerman's Coffee Company,cafe,email@zingermans.com,public_business_contact_candidate,https://www.zingermanscoffee.com/contact-us/,catalog_website_extraction,source_review_required,contact_candidates_require_review,0,0
osm:node:12552300476,Zingerman's Deli,restaurant,deli@zingermans.com,general_business_contact,https://shop.zingermansdeli.com/,official_business_shop,published_contact_only,contact_candidates_require_review,0,0
osm:node:12552300476,Zingerman's Deli,restaurant,deli@zingermans.com,public_business_contact_candidate,https://www.zingermansdeli.com/contact-us/,catalog_website_extraction,source_review_required,contact_candidates_require_review,0,0
osm:node:12552300476,Zingerman's Deli,restaurant,delinews@zingermans.com,public_business_contact_candidate,https://www.zingermansdeli.com/contact-us/,catalog_website_extraction,source_review_required,contact_candidates_require_review,0,0
osm:node:12552300477,Zingerman's Next Door Café,cafe,deli@zingermans.com,shared_business_contact,https://shop.zingermansdeli.com/,official_website,corporate_shared_inbox,contact_candidates_require_review,0,0
osm:way:404262092,Zingerman's Roadhouse,restaurant,roadhouse@zingermans.com,public_business_contact_candidate,https://www.zingermansroadhouse.com/,catalog_website_extraction,source_review_required,contact_candidates_require_review,0,0
osm:way:404262092,Zingerman's Roadhouse,restaurant,roadhouse@zingermans.com,public_business_contact_candidate,https://www.zingermansroadhouse.com/catering-inquiry/,catalog_website_extraction,source_review_required,contact_candidates_require_review,0,0
osm:way:404262092,Zingerman's Roadhouse,restaurant,roadhouse@zingermans.com,public_business_contact_candidate,https://www.zingermansroadhouse.com/contact-us/,catalog_website_extraction,source_review_required,contact_candidates_require_review,0,0
osm:node:3908804460,Zola Bistro,restaurant,,,,,,no_email_found_on_checked_pages,,
osm:node:4995373012,aMa Bistro,restaurant,,,,,,no_email_found_on_checked_pages,,
osm:node:13970667747,bb.q Chicken,restaurant,gm@bbqktown.com,public_business_contact_candidate,https://bbqchicken.com/locations/,catalog_website_extraction,excluded_other_location,contact_candidates_require_review,0,0
osm:node:6190446526,mash,bar,manager@slowsannarbor.com,management,https://slowsannarbor.com/,official_website,location_identity_review_required,contact_candidates_require_review,0,0
